    	Node label->	           1	           3	           5	           7	           9	          11	          13	          15	          17	          19	          21	          23	          25	          27	          29	          31	          33	          35	          37	          39	          41	          43	          45	          47	          49	          51	          53	          55	          57	          59	          61	          63
    	Angle ->    	 1.67384e-09	 1.96345e-01	 3.92705e-01	 5.89038e-01	 7.85398e-01	 9.81758e-01	 1.17809e+00	 1.37445e+00	 1.57080e+00	 1.76714e+00	 1.96350e+00	 2.15983e+00	 2.35619e+00	 2.55255e+00	 2.74889e+00	 2.94525e+00	 3.14159e+00	 3.33794e+00	 3.53430e+00	 3.73063e+00	 3.92699e+00	 4.12335e+00	 4.31968e+00	 4.51604e+00	 4.71239e+00	 4.90873e+00	 5.10509e+00	 5.30143e+00	 5.49779e+00	 5.69415e+00	 5.89048e+00	 6.08684e+00
DOF 	DOF        
U  0	0.000000e+00	 0.00000e+00	 0.00000e+00	 0.00000e+00	 0.00000e+00	 0.00000e+00	 0.00000e+00	 0.00000e+00	 0.00000e+00	 0.00000e+00	 0.00000e+00	 0.00000e+00	 0.00000e+00	 0.00000e+00	 0.00000e+00	 0.00000e+00	 0.00000e+00	 0.00000e+00	 0.00000e+00	 0.00000e+00	 0.00000e+00	 0.00000e+00	 0.00000e+00	 0.00000e+00	 0.00000e+00	 0.00000e+00	 0.00000e+00	 0.00000e+00	 0.00000e+00	 0.00000e+00	 0.00000e+00	 0.00000e+00	 0.00000e+00
U  1	0.000000e+00	 0.00000e+00	 0.00000e+00	 0.00000e+00	 0.00000e+00	 0.00000e+00	 0.00000e+00	 0.00000e+00	 0.00000e+00	 0.00000e+00	 0.00000e+00	 0.00000e+00	 0.00000e+00	 0.00000e+00	 0.00000e+00	 0.00000e+00	 0.00000e+00	 0.00000e+00	 0.00000e+00	 0.00000e+00	 0.00000e+00	 0.00000e+00	 0.00000e+00	 0.00000e+00	 0.00000e+00	 0.00000e+00	 0.00000e+00	 0.00000e+00	 0.00000e+00	 0.00000e+00	 0.00000e+00	 0.00000e+00	 0.00000e+00
U  2	0.000000e+00	 0.00000e+00	 0.00000e+00	 0.00000e+00	 0.00000e+00	 0.00000e+00	 0.00000e+00	 0.00000e+00	 0.00000e+00	 0.00000e+00	 0.00000e+00	 0.00000e+00	 0.00000e+00	 0.00000e+00	 0.00000e+00	 0.00000e+00	 0.00000e+00	 0.00000e+00	 0.00000e+00	 0.00000e+00	 0.00000e+00	 0.00000e+00	 0.00000e+00	 0.00000e+00	 0.00000e+00	 0.00000e+00	 0.00000e+00	 0.00000e+00	 0.00000e+00	 0.00000e+00	 0.00000e+00	 0.00000e+00	 0.00000e+00
UR 0	0.000000e+00	 0.00000e+00	 0.00000e+00	 0.00000e+00	 0.00000e+00	 0.00000e+00	 0.00000e+00	 0.00000e+00	 0.00000e+00	 0.00000e+00	 0.00000e+00	 0.00000e+00	 0.00000e+00	 0.00000e+00	 0.00000e+00	 0.00000e+00	 0.00000e+00	 0.00000e+00	 0.00000e+00	 0.00000e+00	 0.00000e+00	 0.00000e+00	 0.00000e+00	 0.00000e+00	 0.00000e+00	 0.00000e+00	 0.00000e+00	 0.00000e+00	 0.00000e+00	 0.00000e+00	 0.00000e+00	 0.00000e+00	 0.00000e+00
UR 1	0.000000e+00	 0.00000e+00	 0.00000e+00	 0.00000e+00	 0.00000e+00	 0.00000e+00	 0.00000e+00	 0.00000e+00	 0.00000e+00	 0.00000e+00	 0.00000e+00	 0.00000e+00	 0.00000e+00	 0.00000e+00	 0.00000e+00	 0.00000e+00	 0.00000e+00	 0.00000e+00	 0.00000e+00	 0.00000e+00	 0.00000e+00	 0.00000e+00	 0.00000e+00	 0.00000e+00	 0.00000e+00	 0.00000e+00	 0.00000e+00	 0.00000e+00	 0.00000e+00	 0.00000e+00	 0.00000e+00	 0.00000e+00	 0.00000e+00
UR 2	0.000000e+00	 0.00000e+00	 0.00000e+00	 0.00000e+00	 0.00000e+00	 0.00000e+00	 0.00000e+00	 0.00000e+00	 0.00000e+00	 0.00000e+00	 0.00000e+00	 0.00000e+00	 0.00000e+00	 0.00000e+00	 0.00000e+00	 0.00000e+00	 0.00000e+00	 0.00000e+00	 0.00000e+00	 0.00000e+00	 0.00000e+00	 0.00000e+00	 0.00000e+00	 0.00000e+00	 0.00000e+00	 0.00000e+00	 0.00000e+00	 0.00000e+00	 0.00000e+00	 0.00000e+00	 0.00000e+00	 0.00000e+00	 0.00000e+00
U  0	1.000012e-01	 0.00000e+00	 3.61395e-05	 1.45595e-04	 2.15038e-04	 2.07524e-04	 1.60175e-04	 1.11343e-04	 7.47503e-05	 4.86846e-05	 2.88325e-05	 1.32150e-05	 1.74106e-06	-5.36614e-06	-8.27442e-06	-7.63643e-06	-4.46773e-06	-1.34692e-09	 4.46459e-06	 7.63371e-06	 8.27261e-06	 5.36479e-06	-1.74160e-06	-1.32154e-05	-2.88319e-05	-4.86835e-05	-7.47495e-05	-1.11344e-04	-1.60177e-04	-2.07525e-04	-2.15038e-04	-1.45594e-04	-3.61386e-05
U  1	1.000012e-01	 9.62713e-04	 6.01568e-04	 2.08213e-04	 6.04743e-05	 5.98306e-05	 9.22925e-05	 1.13300e-04	 1.19725e-04	 1.17701e-04	 1.11097e-04	 1.01502e-04	 9.01069e-05	 7.82783e-05	 6.74311e-05	 5.88024e-05	 5.33008e-05	 5.14100e-05	 5.33021e-05	 5.88040e-05	 6.74322e-05	 7.82781e-05	 9.01061e-05	 1.01502e-04	 1.11095e-04	 1.17699e-04	 1.19724e-04	 1.13298e-04	 9.22910e-05	 5.98300e-05	 6.04744e-05	 2.08213e-04	 6.01565e-04
U  2	1.000012e-01	 8.92526e-06	 7.87571e-06	 5.16944e-06	 1.87618e-06	-1.16651e-06	-3.36682e-06	-4.45128e-06	-4.46186e-06	-3.66616e-06	-2.44862e-06	-1.19238e-06	-1.87257e-07	 4.25611e-07	 6.58215e-07	 6.35973e-07	 5.28127e-07	 4.74114e-07	 5.27677e-07	 6.34736e-07	 6.55357e-07	 4.20334e-07	-1.94969e-07	-1.20153e-06	-2.45735e-06	-3.67160e-06	-4.46173e-06	-4.44505e-06	-3.35604e-06	-1.15389e-06	 1.88811e-06	 5.17844e-06	 7.88045e-06
UR 0	1.000012e-01	-3.25767e-04	-2.82211e-04	-2.00597e-04	-1.28222e-04	-7.07938e-05	-2.97398e-05	-2.17148e-06	 1.48656e-05	 2.41644e-05	 2.81036e-05	 2.84124e-05	 2.64387e-05	 2.32782e-05	 1.98407e-05	 1.68625e-05	 1.48630e-05	 1.41635e-05	 1.48639e-05	 1.68628e-05	 1.98433e-05	 2.32739e-05	 2.64170e-05	 2.83712e-05	 2.80334e-05	 2.40600e-05	 1.47396e-05	-2.29599e-06	-2.98284e-05	-7.08551e-05	-1.28315e-04	-2.00635e-04	-2.82225e-04
UR 1	1.000012e-01	 5.45560e-08	-7.96193e-06	-5.37601e-06	 3.43838e-06	 1.53199e-05	 2.31232e-05	 2.57229e-05	 2.31791e-05	 1.67217e-05	 8.46611e-06	 3.26387e-07	-6.19072e-06	-1.01151e-05	-1.10478e-05	-9.19807e-06	-5.19032e-06	-4.63708e-09	 5.17751e-06	 9.17029e-06	 1.09926e-05	 1.00288e-05	 6.07300e-06	-4.63902e-07	-8.60825e-06	-1.68409e-05	-2.32604e-05	-2.57527e-05	-2.31222e-05	-1.52773e-05	-3.32642e-06	 5.48272e-06	 8.07066e-06
UR 2	1.000012e-01	 4.31704e-10	-1.09781e-02	-6.60619e-03	-1.39095e-03	 9.90976e-04	 1.35041e-03	 1.02003e-03	 6.88929e-04	 5.09521e-04	 4.28526e-04	 3.77625e-04	 3.24400e-04	 2.64225e-04	 1.99328e-04	 1.32164e-04	 6.57032e-05	-1.16501e-08	-6.57167e-05	-1.32167e-04	-1.99307e-04	-2.64209e-04	-3.24377e-04	-3.77619e-04	-4.28509e-04	-5.09505e-04	-6.88951e-04	-1.02006e-03	-1.35038e-03	-9.90948e-04	 1.39095e-03	 6.60620e-03	 1.09782e-02
U  0	2.000024e-01	 0.00000e+00	 6.96172e-05	 2.85634e-04	 4.24428e-04	 4.09760e-04	 3.15656e-04	 2.18960e-04	 1.46946e-04	 9.59514e-05	 5.71864e-05	 2.66170e-05	 4.07806e-06	-9.94176e-06	-1.57617e-05	-1.46495e-05	-8.59364e-06	-3.82846e-10	 8.59263e-06	 1.46488e-05	 1.57620e-05	 9.94205e-06	-4.07864e-06	-2.66188e-05	-5.71872e-05	-9.59513e-05	-1.46946e-04	-2.18962e-04	-3.15660e-04	-4.09762e-04	-4.24428e-04	-2.85634e-04	-6.96161e-05
U  1	2.000024e-01	 1.92585e-03	 1.20158e-03	 4.12298e-04	 1.16205e-04	 1.14994e-04	 1.79799e-04	 2.21627e-04	 2.34457e-04	 2.30629e-04	 2.17852e-04	 1.99219e-04	 1.77033e-04	 1.53979e-04	 1.32823e-04	 1.15994e-04	 1.05254e-04	 1.01561e-04	 1.05255e-04	 1.15995e-04	 1.32824e-04	 1.53979e-04	 1.77034e-04	 1.99221e-04	 2.17853e-04	 2.30631e-04	 2.34458e-04	 2.21628e-04	 1.79801e-04	 1.14997e-04	 1.16208e-04	 4.12299e-04	 1.20157e-03
U  2	2.000024e-01	 2.30320e-05	 2.05489e-05	 1.40219e-05	 6.07294e-06	-1.46083e-06	-7.14773e-06	-1.02439e-05	-1.07581e-05	-9.24402e-06	-6.55557e-06	-3.57664e-06	-1.00548e-06	 7.76882e-07	 1.72363e-06	 2.04372e-06	 2.05555e-06	 2.02946e-06	 2.06975e-06	 2.06786e-06	 1.75062e-06	 7.99505e-07	-9.92329e-07	-3.57491e-06	-6.56423e-06	-9.25875e-06	-1.07740e-05	-1.02567e-05	-7.15503e-06	-1.46299e-06	 6.07442e-06	 1.40244e-05	 2.05507e-05
UR 0	2.000024e-01	-7.25528e-04	-6.30002e-04	-4.53231e-04	-3.01754e-04	-1.71723e-04	-7.65364e-05	-1.20539e-05	 2.81965e-05	 5.06547e-05	 6.10303e-05	 6.34992e-05	 6.11302e-05	 5.62139e-05	 5.05344e-05	 4.54876e-05	 4.20765e-05	 4.09200e-05	 4.22024e-05	 4.57168e-05	 5.08286e-05	 5.65200e-05	 6.14014e-05	 6.37220e-05	 6.11875e-05	 5.07363e-05	 2.82120e-05	-1.20977e-05	-7.66177e-05	-1.71848e-04	-3.01961e-04	-4.53328e-04	-6.30076e-04
UR 1	2.000024e-01	 2.20737e-08	-6.23735e-06	 7.68907e-07	 1.56192e-05	 4.55393e-05	 6.67078e-05	 7.52194e-05	 7.09563e-05	 5.64606e-05	 3.65247e-05	 1.59351e-05	-1.40489e-06	-1.29615e-05	-1.76785e-05	-1.59478e-05	-9.23856e-06	 1.68075e-07	 9.55525e-06	 1.62059e-05	 1.78492e-05	 1.30324e-05	 1.36512e-06	-1.60696e-05	-3.67313e-05	-5.66893e-05	-7.11745e-05	-7.53888e-05	-6.68134e-05	-4.55648e-05	-1.55481e-05	-7.30910e-07	 6.28636e-06
UR 2	2.000024e-01	-3.23164e-08	-2.20031e-02	-1.32393e-02	-2.78513e-03	 1.97536e-03	 2.68423e-03	 2.01592e-03	 1.35184e-03	 9.95254e-04	 8.36999e-04	 7.38813e-04	 6.35450e-04	 5.17869e-04	 3.90750e-04	 2.59051e-04	 1.28695e-04	 3.10327e-09	-1.28710e-04	-2.59058e-04	-3.90730e-04	-5.17900e-04	-6.35478e-04	-7.38808e-04	-8.36981e-04	-9.95247e-04	-1.35188e-03	-2.01592e-03	-2.68416e-03	-1.97534e-03	 2.78512e-03	 1.32393e-02	 2.20032e-02
U  0	3.000006e-01	 0.00000e+00	 1.00203e-04	 4.19575e-04	 6.27442e-04	 6.05902e-04	 4.65594e-04	 3.21978e-04	 2.15713e-04	 1.40927e-04	 8.42084e-05	 3.94152e-05	 6.31132e-06	-1.43240e-05	-2.29318e-05	-2.13643e-05	-1.25450e-05	-1.65677e-09	 1.25410e-05	 2.13608e-05	 2.29289e-05	 1.43212e-05	-6.31517e-06	-3.94201e-05	-8.42134e-05	-1.40930e-04	-2.15713e-04	-3.21981e-04	-4.65597e-04	-6.05906e-04	-6.27437e-04	-4.19574e-04	-1.00202e-04
U  1	3.000006e-01	 2.88608e-03	 1.80041e-03	 6.12992e-04	 1.67926e-04	 1.66071e-04	 2.62918e-04	 3.25212e-04	 3.44258e-04	 3.38688e-04	 3.20008e-04	 2.92742e-04	 2.60236e-04	 2.26433e-04	 1.95405e-04	 1.70729e-04	 1.54976e-04	 1.49559e-04	 1.54978e-04	 1.70731e-04	 1.95407e-04	 2.26433e-04	 2.60237e-04	 2.92744e-04	 3.20009e-04	 3.38689e-04	 3.44258e-04	 3.25211e-04	 2.62919e-04	 1.66072e-04	 1.67929e-04	 6.12993e-04	 1.80040e-03
U  2	3.000006e-01	 4.67460e-05	 4.21963e-05	 2.98905e-05	 1.46844e-05	-9.30658e-08	-1.16788e-05	-1.85072e-05	-2.04267e-05	-1.83203e-05	-1.36758e-05	-8.09859e-06	-2.91892e-06	 1.05720e-06	 3.59398e-06	 4.90907e-06	 5.43758e-06	 5.57141e-06	 5.46582e-06	 4.95969e-06	 3.65597e-06	 1.11746e-06	-2.87251e-06	-8.07481e-06	-1.36786e-05	-1.83465e-05	-2.04697e-05	-1.85587e-05	-1.17303e-05	-1.39028e-07	 1.46475e-05	 2.98644e-05	 4.21823e-05
UR 0	3.000006e-01	-1.23777e-03	-1.07927e-03	-7.87511e-04	-5.42966e-04	-3.19831e-04	-1.49946e-04	-3.37097e-05	 3.97933e-05	 8.18156e-05	 1.02944e-04	 1.10890e-04	 1.11031e-04	 1.07011e-04	 1.01367e-04	 9.59742e-05	 9.22080e-05	 9.09396e-05	 9.24343e-05	 9.63956e-05	 1.01928e-04	 1.07644e-04	 1.11674e-04	 1.11507e-04	 1.03499e-04	 8.22807e-05	 4.01841e-05	-3.33738e-05	-1.49632e-04	-3.19568e-04	-5.42805e-04	-7.87357e-04	-1.07912e-03
UR 1	3.000006e-01	-1.56877e-07	 1.22856e-05	 3.34559e-05	 5.75531e-05	 1.13614e-04	 1.56240e-04	 1.74574e-04	 1.68143e-04	 1.41129e-04	 1.02155e-04	 6.04353e-05	 2.37480e-05	-2.71489e-06	-1.66971e-05	-1.87917e-05	-1.17145e-05	 3.29684e-07	 1.23637e-05	 1.93952e-05	 1.72053e-05	 3.08664e-06	-2.35553e-05	-6.04503e-05	-1.02376e-04	-1.41518e-04	-1.68654e-04	-1.75146e-04	-1.56832e-04	-1.14131e-04	-5.79390e-05	-3.37928e-05	-1.26202e-05
UR 2	3.000006e-01	-5.54082e-08	-3.30624e-02	-1.98939e-02	-4.18298e-03	 2.95115e-03	 3.99954e-03	 2.98650e-03	 1.98820e-03	 1.45696e-03	 1.22522e-03	 1.08340e-03	 9.33085e-04	 7.60815e-04	 5.74012e-04	 3.80470e-04	 1.88963e-04	-1.15020e-08	-1.88989e-04	-3.80474e-04	-5.73990e-04	-7.60851e-04	-9.33108e-04	-1.08338e-03	-1.22520e-03	-1.45692e-03	-1.98820e-03	-2.98653e-03	-3.99946e-03	-2.95109e-03	 4.18294e-03	 1.98940e-02	 3.30626e-02
U  0	4.000018e-01	 0.00000e+00	 1.27881e-04	 5.47351e-04	 8.24024e-04	 7.95934e-04	 6.10003e-04	 4.20429e-04	 2.81079e-04	 1.83634e-04	 1.09910e-04	 5.16124e-05	 8.44077e-06	-1.85105e-05	-2.97816e-05	-2.77794e-05	-1.63199e-05	-3.25080e-09	 1.63125e-05	 2.77730e-05	 2.97765e-05	 1.85059e-05	-8.44658e-06	-5.16178e-05	-1.09915e-04	-1.83637e-04	-2.81079e-04	-4.20436e-04	-6.10016e-04	-7.95934e-04	-8.24020e-04	-5.47355e-04	-1.27881e-04
U  1	4.000018e-01	 3.84532e-03	 2.39817e-03	 8.10434e-04	 2.15729e-04	 2.13098e-04	 3.41664e-04	 4.24060e-04	 4.49139e-04	 4.41889e-04	 4.17576e-04	 3.82082e-04	 3.39724e-04	 2.95650e-04	 2.55191e-04	 2.23015e-04	 2.02473e-04	 1.95410e-04	 2.02476e-04	 2.23018e-04	 2.55191e-04	 2.95652e-04	 3.39724e-04	 3.82082e-04	 4.17575e-04	 4.41889e-04	 4.49137e-04	 4.24057e-04	 3.41663e-04	 2.13097e-04	 2.15730e-04	 8.10430e-04	 2.39817e-03
U  2	4.000018e-01	 9.25359e-05	 8.45192e-05	 6.20303e-05	 3.34315e-05	 4.95204e-06	-1.81123e-05	-3.25913e-05	-3.79304e-05	-3.54684e-05	-2.77107e-05	-1.74877e-05	-7.27119e-06	 1.28672e-06	 7.46291e-06	 1.13069e-05	 1.32872e-05	 1.38870e-05	 1.33079e-05	 1.13432e-05	 7.50517e-06	 1.32453e-06	-7.24703e-06	-1.74833e-05	-2.77274e-05	-3.55027e-05	-3.79772e-05	-3.26442e-05	-1.81665e-05	 4.90014e-06	 3.33858e-05	 6.19956e-05	 8.45002e-05
UR 0	4.000018e-01	-1.97359e-03	-1.73320e-03	-1.28852e-03	-9.15174e-04	-5.57244e-04	-2.72115e-04	-7.56059e-05	 5.04824e-05	 1.24878e-04	 1.65513e-04	 1.86189e-04	 1.95573e-04	 1.98822e-04	 1.98851e-04	 1.97516e-04	 1.96152e-04	 1.95680e-04	 1.96347e-04	 1.97871e-04	 1.99319e-04	 1.99336e-04	 1.96084e-04	 1.86667e-04	 1.65929e-04	 1.25221e-04	 5.07871e-05	-7.52990e-05	-2.71766e-04	-5.56872e-04	-9.14859e-04	-1.28823e-03	-1.73291e-03
UR 1	4.000018e-01	-2.22055e-07	 6.84660e-05	 1.35608e-04	 1.89338e-04	 2.90612e-04	 3.69924e-04	 4.02054e-04	 3.88382e-04	 3.35460e-04	 2.58364e-04	 1.74080e-04	 9.75056e-05	 3.87939e-05	 2.50680e-06	-1.22748e-05	-1.04851e-05	 2.43074e-07	 1.09585e-05	 1.26961e-05	-2.17386e-06	-3.85824e-05	-9.74460e-05	-1.74183e-04	-2.58619e-04	-3.35839e-04	-3.88850e-04	-4.02581e-04	-3.70476e-04	-2.91128e-04	-1.89781e-04	-1.36049e-04	-6.89301e-05
UR 2	4.000018e-01	 3.12650e-08	-4.41552e-02	-2.65698e-02	-5.58617e-03	 3.91713e-03	 5.29561e-03	 3.93172e-03	 2.59815e-03	 1.89481e-03	 1.59339e-03	 1.41149e-03	 1.21725e-03	 9.92964e-04	 7.49200e-04	 4.96508e-04	 2.46578e-04	-2.43898e-08	-2.46593e-04	-4.96486e-04	-7.49153e-04	-9.93025e-04	-1.21724e-03	-1.41143e-03	-1.59334e-03	-1.89479e-03	-2.59819e-03	-3.93174e-03	-5.29546e-03	-3.91701e-03	 5.58612e-03	 2.65700e-02	 4.41557e-02
U  0	5.000000e-01	 0.00000e+00	 1.52609e-04	 6.68815e-04	 1.01406e-03	 9.79755e-04	 7.48820e-04	 5.14257e-04	 3.42979e-04	 2.24015e-04	 1.34254e-04	 6.31930e-05	 1.04646e-05	-2.24982e-05	-3.63058e-05	-3.38884e-05	-1.99134e-05	-3.75415e-09	 1.99056e-05	 3.38819e-05	 3.62995e-05	 2.24917e-05	-1.04719e-05	-6.31980e-05	-1.34259e-04	-2.24019e-04	-3.42978e-04	-5.14265e-04	-7.48836e-04	-9.79759e-04	-1.01405e-03	-6.68826e-04	-1.52609e-04
U  1	5.000000e-01	 4.80824e-03	 2.99502e-03	 1.00491e-03	 2.59730e-04	 2.56077e-04	 4.15966e-04	 5.18086e-04	 5.49019e-04	 5.40157e-04	 5.10485e-04	 4.67169e-04	 4.15431e-04	 3.61570e-04	 3.12124e-04	 2.72808e-04	 2.47710e-04	 2.39079e-04	 2.47711e-04	 2.72810e-04	 3.12124e-04	 3.61573e-04	 4.15431e-04	 4.67168e-04	 5.10481e-04	 5.40154e-04	 5.49016e-04	 5.18083e-04	 4.15964e-04	 2.56072e-04	 2.59729e-04	 1.00491e-03	 2.99500e-03
U  2	5.000000e-01	 2.72390e-04	 2.51502e-04	 1.91361e-04	 1.11691e-04	 3.08380e-05	-3.64013e-05	-8.12050e-05	-1.01380e-04	-9.96522e-05	-8.18749e-05	-5.50557e-05	-2.57366e-05	 1.18526e-06	 2.28107e-05	 3.80268e-05	 4.68710e-05	 4.97479e-05	 4.68783e-05	 3.80387e-05	 2.28218e-05	 1.19016e-06	-2.57420e-05	-5.50742e-05	-8.19051e-05	-9.96885e-05	-1.01419e-04	-8.12369e-05	-3.64235e-05	 3.08287e-05	 1.11693e-04	 1.91370e-04	 2.51508e-04
UR 0	5.000000e-01	-4.03545e-03	-3.61240e-03	-2.78476e-03	-2.01620e-03	-1.26430e-03	-6.51268e-04	-2.16166e-04	 6.75848e-05	 2.42109e-04	 3.49917e-04	 4.22861e-04	 4.79004e-04	 5.25931e-04	 5.64137e-04	 5.92228e-04	 6.09438e-04	 6.15297e-04	 6.09556e-04	 5.92443e-04	 5.64414e-04	 5.26245e-04	 4.79299e-04	 4.23121e-04	 3.50096e-04	 2.42199e-04	 6.75960e-05	-2.16216e-04	-6.51346e-04	-1.26442e-03	-2.01644e-03	-2.78521e-03	-3.61233e-03
UR 1	5.000000e-01	 6.54535e-08	 3.61398e-04	 6.77435e-04	 9.10156e-04	 1.16853e-03	 1.34804e-03	 1.40662e-03	 1.34540e-03	 1.18075e-03	 9.47570e-04	 6.91974e-04	 4.54112e-04	 2.61620e-04	 1.27366e-04	 4.89203e-05	 1.30590e-05	 8.84562e-08	-1.28886e-05	-4.87802e-05	-1.27280e-04	-2.61585e-04	-4.54151e-04	-6.92109e-04	-9.47829e-04	-1.18109e-03	-1.34578e-03	-1.40699e-03	-1.34842e-03	-1.16881e-03	-9.10253e-04	-6.77297e-04	-3.61327e-04
UR 2	5.000000e-01	-6.98704e-08	-5.52693e-02	-3.32696e-02	-6.99813e-03	 4.87139e-03	 6.57077e-03	 4.85117e-03	 3.18173e-03	 2.30876e-03	 1.94122e-03	 1.72281e-03	 1.48780e-03	 1.21419e-03	 9.16032e-04	 6.06964e-04	 3.01395e-04	 1.57303e-08	-3.01379e-04	-6.06964e-04	-9.16058e-04	-1.21428e-03	-1.48775e-03	-1.72271e-03	-1.94117e-03	-2.30876e-03	-3.18183e-03	-4.85126e-03	-6.57061e-03	-4.87122e-03	 6.99809e-03	 3.32697e-02	 5.52697e-02
U  0	6.000012e-01	 0.00000e+00	 1.66754e-04	 7.22344e-04	 1.07551e-03	 1.00407e-03	 7.25782e-04	 4.61175e-04	 2.81827e-04	 1.69751e-04	 9.36999e-05	 3.76299e-05	-2.16080e-06	-2.59415e-05	-3.46679e-05	-3.07175e-05	-1.77023e-05	-4.31668e-09	 1.76935e-05	 3.07106e-05	 3.46615e-05	 2.59342e-05	 2.15295e-06	-3.76360e-05	-9.37049e-05	-1.69755e-04	-2.81828e-04	-4.61186e-04	-7.25803e-04	-1.00407e-03	-1.07552e-03	-7.22362e-04	-1.66755e-04
U  1	6.000012e-01	 5.77527e-03	 3.67005e-03	 1.31773e-03	 3.66399e-04	 2.73339e-04	 3.97441e-04	 4.86659e-04	 5.15418e-04	 5.08112e-04	 4.79367e-04	 4.35131e-04	 3.81556e-04	 3.26188e-04	 2.76164e-04	 2.37019e-04	 2.12319e-04	 2.03874e-04	 2.12317e-04	 2.37020e-04	 2.76160e-04	 3.26188e-04	 3.81554e-04	 4.35128e-04	 4.79362e-04	 5.08109e-04	 5.15414e-04	 4.86654e-04	 3.97439e-04	 2.73337e-04	 3.66401e-04	 1.31774e-03	 3.67006e-03
U  2	6.000012e-01	 9.79806e-03	 9.02353e-03	 6.95129e-03	 4.21333e-03	 1.46524e-03	-8.16076e-04	-2.37199e-03	-3.13712e-03	-3.19098e-03	-2.70694e-03	-1.89335e-03	-9.49957e-04	-3.60727e-05	 7.39574e-04	 1.31588e-03	 1.66662e-03	 1.78376e-03	 1.66662e-03	 1.31589e-03	 7.39573e-04	-3.60716e-05	-9.49967e-04	-1.89334e-03	-2.70695e-03	-3.19101e-03	-3.13713e-03	-2.37200e-03	-8.16104e-04	 1.46524e-03	 4.21337e-03	 6.95132e-03	 9.02355e-03
UR 0	6.000012e-01	-9.98719e-02	-9.11644e-02	-7.27595e-02	-5.17916e-02	-3.26396e-02	-1.72157e-02	-6.18503e-03	 9.87877e-04	 5.48161e-03	 8.52479e-03	 1.10249e-02	 1.33942e-02	 1.56816e-02	 1.77284e-02	 1.93305e-02	 2.03419e-02	 2.06855e-02	 2.03417e-02	 1.93304e-02	 1.77283e-02	 1.56817e-02	 1.33943e-02	 1.10250e-02	 8.52479e-03	 5.48172e-03	 9.88108e-04	-6.18460e-03	-1.72158e-02	-3.26409e-02	-5.17920e-02	-7.27608e-02	-9.11645e-02
UR 1	6.000012e-01	 4.45925e-08	 1.92224e-02	 3.26034e-02	 4.26276e-02	 4.97988e-02	 5.37142e-02	 5.40295e-02	 5.07083e-02	 4.42974e-02	 3.59312e-02	 2.69752e-02	 1.86564e-02	 1.18058e-02	 6.76569e-03	 3.43012e-03	 1.37594e-03	 1.19376e-08	-1.37593e-03	-3.43019e-03	-6.76573e-03	-1.18057e-02	-1.86565e-02	-2.69753e-02	-3.59315e-02	-4.42977e-02	-5.07088e-02	-5.40299e-02	-5.37148e-02	-4.97985e-02	-4.26275e-02	-3.26029e-02	-1.92220e-02
UR 2	6.000012e-01	-3.67055e-08	-6.27936e-02	-3.80799e-02	-8.74578e-03	 4.38774e-03	 6.29222e-03	 4.56296e-03	 2.95494e-03	 2.18250e-03	 1.87050e-03	 1.64913e-03	 1.38482e-03	 1.09101e-03	 7.96068e-04	 5.14823e-04	 2.52019e-04	 5.23813e-08	-2.51975e-04	-5.14833e-04	-7.96101e-04	-1.09112e-03	-1.38477e-03	-1.64907e-03	-1.87043e-03	-2.18251e-03	-2.95506e-03	-4.56300e-03	-6.29193e-03	-4.38762e-03	 8.74572e-03	 3.80802e-02	 6.27942e-02
U  0	7.000024e-01	 0.00000e+00	 1.70571e-04	 7.07422e-04	 1.00966e-03	 8.77259e-04	 5.57799e-04	 2.83588e-04	 1.20902e-04	 4.09255e-05	 3.05636e-06	-1.59288e-05	-2.50452e-05	-2.76223e-05	-2.53189e-05	-1.92120e-05	-1.03413e-05	-5.34086e-09	 1.03308e-05	 1.92038e-05	 2.53119e-05	 2.76142e-05	 2.50376e-05	 1.59250e-05	-3.05933e-06	-4.09255e-05	-1.20903e-04	-2.83600e-04	-5.57822e-04	-8.77262e-04	-1.00967e-03	-7.07440e-04	-1.70573e-04
U  1	7.000024e-01	 6.74231e-03	 4.43234e-03	 1.76577e-03	 5.52053e-04	 2.77203e-04	 2.94143e-04	 3.34200e-04	 3.50293e-04	 3.47031e-04	 3.26673e-04	 2.90864e-04	 2.45759e-04	 1.99538e-04	 1.58927e-04	 1.28087e-04	 1.09090e-04	 1.02689e-04	 1.09092e-04	 1.28086e-04	 1.58921e-04	 1.99536e-04	 2.45753e-04	 2.90859e-04	 3.26667e-04	 3.47026e-04	 3.50287e-04	 3.34192e-04	 2.94139e-04	 2.77203e-04	 5.52060e-04	 1.76579e-03	 4.43236e-03
U  2	7.000024e-01	 1.74679e-02	 1.61223e-02	 1.25327e-02	 7.80948e-03	 3.08424e-03	-8.36932e-04	-3.53024e-03	-4.89910e-03	-5.08444e-03	-4.37763e-03	-3.12138e-03	-1.64149e-03	-1.96893e-04	 1.03545e-03	 1.95474e-03	 2.51588e-03	 2.70353e-03	 2.51582e-03	 1.95474e-03	 1.03545e-03	-1.96896e-04	-1.64144e-03	-3.12144e-03	-4.37762e-03	-5.08443e-03	-4.89911e-03	-3.53022e-03	-8.36958e-04	 3.08425e-03	 7.80943e-03	 1.25329e-02	 1.61221e-02
UR 0	7.000024e-01	-1.73302e-01	-1.57991e-01	-1.25927e-01	-8.95378e-02	-5.66289e-02	-3.05746e-02	-1.21407e-02	-3.43406e-04	 6.93832e-03	 1.18420e-02	 1.59109e-02	 1.98452e-02	 2.37006e-02	 2.71812e-02	 2.99240e-02	 3.16643e-02	 3.22570e-02	 3.16640e-02	 2.99240e-02	 2.71811e-02	 2.37005e-02	 1.98451e-02	 1.59108e-02	 1.18416e-02	 6.93818e-03	-3.43184e-04	-1.21399e-02	-3.05748e-02	-5.66314e-02	-8.95395e-02	-1.25929e-01	-1.57992e-01
UR 1	7.000024e-01	-8.55034e-08	 3.38358e-02	 5.66810e-02	 7.33394e-02	 8.49407e-02	 9.10356e-02	 9.11447e-02	 8.52203e-02	 7.42392e-02	 6.01171e-02	 4.51203e-02	 3.12577e-02	 1.98635e-02	 1.14687e-02	 5.87735e-03	 2.38334e-03	 1.01209e-08	-2.38339e-03	-5.87743e-03	-1.14687e-02	-1.98636e-02	-3.12583e-02	-4.51212e-02	-6.01182e-02	-7.42398e-02	-8.52219e-02	-9.11446e-02	-9.10358e-02	-8.49402e-02	-7.33384e-02	-5.66796e-02	-3.38352e-02
UR 2	7.000024e-01	-1.05719e-07	-6.65351e-02	-4.09393e-02	-1.09512e-02	 2.31222e-03	 4.36257e-03	 3.01591e-03	 1.89065e-03	 1.50128e-03	 1.38180e-03	 1.21244e-03	 9.45658e-04	 6.65624e-04	 4.31380e-04	 2.51047e-04	 1.14448e-04	 3.03166e-08	-1.14416e-04	-2.50997e-04	-4.31450e-04	-6.65712e-04	-9.45577e-04	-1.21238e-03	-1.38174e-03	-1.50131e-03	-1.89081e-03	-3.01607e-03	-4.36214e-03	-2.31219e-03	 1.09512e-02	 4.09400e-02	 6.65364e-02
U  0	8.000006e-01	 0.00000e+00	 1.71669e-04	 6.83001e-04	 9.33409e-04	 7.47370e-04	 3.97070e-04	 1.20237e-04	-2.29516e-05	-7.18902e-05	-7.50447e-05	-6.12222e-05	-4.34888e-05	-2.76943e-05	-1.58671e-05	-8.10361e-06	-3.31554e-06	-3.58250e-09	 3.30923e-06	 8.09899e-06	 1.58624e-05	 2.76889e-05	 4.34855e-05	 6.12224e-05	 7.50447e-05	 7.18860e-05	 2.29451e-05	-1.20254e-04	-3.97090e-04	-7.47367e-04	-9.33393e-04	-6.83014e-04	-1.71669e-04
U  1	8.000006e-01	 7.70931e-03	 5.21186e-03	 2.24258e-03	 7.62347e-04	 2.95190e-04	 1.95216e-04	 1.79695e-04	 1.79421e-04	 1.79228e-04	 1.68683e-04	 1.44249e-04	 1.11018e-04	 7.69279e-05	 4.80932e-05	 2.72077e-05	 1.47991e-05	 1.07031e-05	 1.47984e-05	 2.72099e-05	 4.80912e-05	 7.69249e-05	 1.11012e-04	 1.44242e-04	 1.68678e-04	 1.79226e-04	 1.79408e-04	 1.79687e-04	 1.95211e-04	 2.95185e-04	 7.62349e-04	 2.24260e-03	 5.21198e-03
U  2	8.000006e-01	 2.32724e-02	 2.15249e-02	 1.68708e-02	 1.07699e-02	 4.67921e-03	-3.79035e-04	-3.88080e-03	-5.71561e-03	-6.07061e-03	-5.31075e-03	-3.86045e-03	-2.11902e-03	-4.04152e-04	 1.06719e-03	 2.16929e-03	 2.84394e-03	 3.06993e-03	 2.84385e-03	 2.16927e-03	 1.06717e-03	-4.04157e-04	-2.11895e-03	-3.86025e-03	-5.31072e-03	-6.07050e-03	-5.71557e-03	-3.88064e-03	-3.79056e-04	 4.67923e-03	 1.07699e-02	 1.68708e-02	 2.15250e-02
UR 0	8.000006e-01	-2.25728e-01	-2.05690e-01	-1.63811e-01	-1.16358e-01	-7.40422e-02	-4.08649e-02	-1.76718e-02	-3.01859e-03	 5.90228e-03	 1.18689e-02	 1.68824e-02	 2.18154e-02	 2.67075e-02	 3.11652e-02	 3.47036e-02	 3.69568e-02	 3.77267e-02	 3.69563e-02	 3.47033e-02	 3.11649e-02	 2.67069e-02	 2.18153e-02	 1.68825e-02	 1.18680e-02	 5.90182e-03	-3.01854e-03	-1.76706e-02	-4.08648e-02	-7.40457e-02	-1.16358e-01	-1.63812e-01	-2.05689e-01
UR 1	8.000006e-01	-3.34267e-08	 4.43203e-02	 7.35603e-02	 9.42124e-02	 1.08426e-01	 1.15636e-01	 1.15339e-01	 1.07519e-01	 9.35046e-02	 7.56478e-02	 5.68011e-02	 3.94328e-02	 2.51632e-02	 1.46265e-02	 7.56353e-03	 3.09509e-03	-1.89804e-07	-3.09541e-03	-7.56374e-03	-1.46265e-02	-2.51636e-02	-3.94333e-02	-5.68022e-02	-7.56495e-02	-9.35048e-02	-1.07522e-01	-1.15338e-01	-1.15634e-01	-1.08425e-01	-9.42111e-02	-7.35595e-02	-4.43210e-02
UR 2	8.000006e-01	-1.38859e-07	-6.97758e-02	-4.36775e-02	-1.33038e-02	-1.94229e-05	 2.22366e-03	 1.34276e-03	 7.33831e-04	 7.57600e-04	 8.57542e-04	 7.67852e-04	 5.22390e-04	 2.70667e-04	 9.07309e-05	 7.33442e-06	-1.16287e-05	 5.05004e-08	 1.16973e-05	-7.34295e-06	-9.08190e-05	-2.70714e-04	-5.22206e-04	-7.67845e-04	-8.57534e-04	-7.57823e-04	-7.34008e-04	-1.34281e-03	-2.22331e-03	 1.93216e-05	 1.33040e-02	 4.36776e-02	 6.97774e-02
U  0	9.000018e-01	 0.00000e+00	 1.70701e-04	 6.51683e-04	 8.50748e-04	 6.17625e-04	 2.44366e-04	-2.88795e-05	-1.50750e-04	-1.69986e-04	-1.41941e-04	-9.93077e-05	-5.81392e-05	-2.63434e-05	-6.46582e-06	 2.44081e-06	 3.29764e-06	-1.35995e-09	-3.29910e-06	-2.44089e-06	 6.46545e-06	 2.63428e-05	 5.81418e-05	 9.93105e-05	 1.41943e-04	 1.69982e-04	 1.50743e-04	 2.88609e-05	-2.44388e-04	-6.17626e-04	-8.50731e-04	-6.51687e-04	-1.70703e-04
U  1	9.000018e-01	 8.67634e-03	 6.00628e-03	 2.74569e-03	 9.96594e-04	 3.29702e-04	 1.05886e-04	 2.91574e-05	 9.15752e-06	 1.07563e-05	 1.05973e-05	-7.57514e-07	-1.99982e-05	-4.00286e-05	-5.58505e-05	-6.60021e-05	-7.12799e-05	-7.28701e-05	-7.12791e-05	-6.59995e-05	-5.58558e-05	-4.00290e-05	-1.99971e-05	-7.59203e-07	 1.05955e-05	 1.07702e-05	 9.15106e-06	 2.91491e-05	 1.05879e-04	 3.29688e-04	 9.96575e-04	 2.74571e-03	 6.00642e-03
U  2	9.000018e-01	 2.83097e-02	 2.62412e-02	 2.07203e-02	 1.35067e-02	 6.31488e-03	 3.34213e-04	-3.83780e-03	-6.08662e-03	-6.63518e-03	-5.90315e-03	-4.37290e-03	-2.49398e-03	-6.25858e-04	 9.86908e-04	 2.20027e-03	 2.94524e-03	 3.19519e-03	 2.94513e-03	 2.20023e-03	 9.86865e-04	-6.26031e-04	-2.49396e-03	-4.37247e-03	-5.90313e-03	-6.63516e-03	-6.08637e-03	-3.83759e-03	 3.34220e-04	 6.31496e-03	 1.35065e-02	 2.07201e-02	 2.62412e-02
UR 0	9.000018e-01	-2.69048e-01	-2.45131e-01	-1.95175e-01	-1.38415e-01	-8.85588e-02	-4.99532e-02	-2.31631e-02	-6.44911e-03	 3.60840e-03	 1.03221e-02	 1.60121e-02	 2.17061e-02	 2.74206e-02	 3.26577e-02	 3.68374e-02	 3.95118e-02	 4.04281e-02	 3.95113e-02	 3.68370e-02	 3.26571e-02	 2.74194e-02	 2.17052e-02	 1.60116e-02	 1.03206e-02	 3.60764e-03	-6.44944e-03	-2.31632e-02	-4.99525e-02	-8.85634e-02	-1.38414e-01	-1.95176e-01	-2.45131e-01
UR 1	9.000018e-01	-1.02014e-06	 5.29720e-02	 8.71820e-02	 1.10824e-01	 1.26802e-01	 1.34670e-01	 1.33888e-01	 1.24502e-01	 1.08151e-01	 8.74790e-02	 6.57137e-02	 4.57158e-02	 2.92764e-02	 1.71254e-02	 8.93122e-03	 3.68465e-03	-3.66088e-07	-3.68516e-03	-8.93175e-03	-1.71256e-02	-2.92775e-02	-4.57163e-02	-6.57149e-02	-8.74809e-02	-1.08151e-01	-1.24504e-01	-1.33884e-01	-1.34668e-01	-1.26799e-01	-1.10821e-01	-8.71808e-02	-5.29725e-02
UR 2	9.000018e-01	 8.97162e-08	-7.25050e-02	-4.62564e-02	-1.57757e-02	-2.52155e-03	-6.57515e-05	-4.29060e-04	-4.92675e-04	-2.64635e-05	 3.15712e-04	 3.27672e-04	 1.14044e-04	-9.45687e-05	-2.15795e-04	-2.15437e-04	-1.28725e-04	 3.02687e-08	 1.28752e-04	 2.15387e-04	 2.15680e-04	 9.45498e-05	-1.13805e-04	-3.27688e-04	-3.15710e-04	 2.62195e-05	 4.92490e-04	 4.28811e-04	 6.60339e-05	 2.52112e-03	 1.57757e-02	 4.62566e-02	 7.25079e-02
U  0	1.000000e+00	 0.00000e+00	 1.68143e-04	 6.15817e-04	 7.64855e-04	 4.91049e-04	 1.01301e-04	-1.64925e-04	-2.64564e-04	-2.55348e-04	-1.99063e-04	-1.31150e-04	-6.97123e-05	-2.40032e-05	 2.75617e-06	 1.24014e-05	 9.47366e-06	 1.08511e-09	-9.47030e-06	-1.23975e-05	-2.75385e-06	 2.40048e-05	 6.97156e-05	 1.31150e-04	 1.99068e-04	 2.55347e-04	 2.64556e-04	 1.64912e-04	-1.01302e-04	-4.91034e-04	-7.64804e-04	-6.15773e-04	-1.68138e-04
U  1	1.000000e+00	 9.64335e-03	 6.81488e-03	 3.27192e-03	 1.25415e-03	 3.82507e-04	 2.93711e-05	-1.12787e-04	-1.55567e-04	-1.53635e-04	-1.43489e-04	-1.40998e-04	-1.45276e-04	-1.50339e-04	-1.52584e-04	-1.51784e-04	-1.49896e-04	-1.48993e-04	-1.49896e-04	-1.51779e-04	-1.52583e-04	-1.50335e-04	-1.45274e-04	-1.40985e-04	-1.43469e-04	-1.53637e-04	-1.55546e-04	-1.12803e-04	 2.93443e-05	 3.82467e-04	 1.25408e-03	 3.27186e-03	 6.81496e-03
U  2	1.000000e+00	 3.28733e-02	 3.05296e-02	 2.42766e-02	 1.61138e-02	 7.98456e-03	 1.21027e-03	-3.55317e-03	-6.18656e-03	-6.94386e-03	-6.28760e-03	-4.74381e-03	-2.79951e-03	-8.46173e-04	 8.51530e-04	 2.13486e-03	 2.92512e-03	 3.19070e-03	 2.92505e-03	 2.13490e-03	 8.51629e-04	-8.46227e-04	-2.79933e-03	-4.74309e-03	-6.28739e-03	-6.94372e-03	-6.18613e-03	-3.55305e-03	 1.20991e-03	 7.98428e-03	 1.61129e-02	 2.42744e-02	 3.05295e-02
UR 0	1.000000e+00	-3.06655e-01	-2.78966e-01	-2.22520e-01	-1.57669e-01	-1.01465e-01	-5.84201e-02	-2.86854e-02	-1.03562e-02	 5.66840e-04	 7.85876e-03	 1.40770e-02	 2.04129e-02	 2.68233e-02	 3.27341e-02	 3.74697e-02	 4.05131e-02	 4.15568e-02	 4.05125e-02	 3.74694e-02	 3.27341e-02	 2.68225e-02	 2.04120e-02	 1.40765e-02	 7.85815e-03	 5.67240e-04	-1.03545e-02	-2.86822e-02	-5.84159e-02	-1.01465e-01	-1.57662e-01	-2.22518e-01	-2.78973e-01
UR 1	1.000000e+00	-3.83583e-06	 6.04615e-02	 9.87941e-02	 1.24662e-01	 1.41988e-01	 1.50320e-01	 1.49094e-01	 1.38289e-01	 1.20021e-01	 9.70670e-02	 7.29785e-02	 5.08705e-02	 3.26889e-02	 1.92291e-02	 1.01028e-02	 4.19803e-03	 1.10559e-07	-4.19758e-03	-1.01025e-02	-1.92286e-02	-3.26896e-02	-5.08703e-02	-7.29788e-02	-9.70679e-02	-1.20021e-01	-1.38290e-01	-1.49090e-01	-1.50318e-01	-1.41987e-01	-1.24661e-01	-9.87960e-02	-6.04685e-02
UR 2	1.000000e+00	-5.01256e-08	-7.48323e-02	-4.87124e-02	-1.83254e-02	-5.14394e-03	-2.42866e-03	-2.24860e-03	-1.76621e-03	-8.38668e-04	-2.34971e-04	-9.95849e-05	-2.67509e-04	-4.32216e-04	-4.93565e-04	-4.14583e-04	-2.32991e-04	 7.43524e-09	 2.32984e-04	 4.14515e-04	 4.93426e-04	 4.32203e-04	 2.67774e-04	 9.96267e-05	 2.34985e-04	 8.38340e-04	 1.76586e-03	 2.24819e-03	 2.42946e-03	 5.14348e-03	 1.83254e-02	 4.87134e-02	 7.48347e-02
