    	Node label->	           1	           3	           5	           7	           9	          11	          13	          15	          17	          19	          21	          23	          25	          27	          29	          31	          33	          35	          37	          39	          41	          43	          45	          47	          49	          51	          53	          55	          57	          59	          61	          63	          65	          67	          69	          71	          73	          75	          77	          79
    	Angle ->    	 3.34343e-09	 1.57075e-01	 3.14154e-01	 4.71248e-01	 6.28320e-01	 7.85398e-01	 9.42477e-01	 1.09955e+00	 1.25664e+00	 1.41372e+00	 1.57080e+00	 1.72787e+00	 1.88495e+00	 2.04204e+00	 2.19912e+00	 2.35619e+00	 2.51327e+00	 2.67034e+00	 2.82744e+00	 2.98452e+00	 3.14159e+00	 3.29867e+00	 3.45575e+00	 3.61284e+00	 3.76991e+00	 3.92699e+00	 4.08407e+00	 4.24114e+00	 4.39824e+00	 4.55531e+00	 4.71239e+00	 4.86946e+00	 5.02654e+00	 5.18364e+00	 5.34071e+00	 5.49779e+00	 5.65487e+00	 5.81194e+00	 5.96903e+00	 6.12611e+00
DOF 	DOF        
U  0	0.000000e+00	 0.00000e+00	 0.00000e+00	 0.00000e+00	 0.00000e+00	 0.00000e+00	 0.00000e+00	 0.00000e+00	 0.00000e+00	 0.00000e+00	 0.00000e+00	 0.00000e+00	 0.00000e+00	 0.00000e+00	 0.00000e+00	 0.00000e+00	 0.00000e+00	 0.00000e+00	 0.00000e+00	 0.00000e+00	 0.00000e+00	 0.00000e+00	 0.00000e+00	 0.00000e+00	 0.00000e+00	 0.00000e+00	 0.00000e+00	 0.00000e+00	 0.00000e+00	 0.00000e+00	 0.00000e+00	 0.00000e+00	 0.00000e+00	 0.00000e+00	 0.00000e+00	 0.00000e+00	 0.00000e+00	 0.00000e+00	 0.00000e+00	 0.00000e+00	 0.00000e+00
U  1	0.000000e+00	 0.00000e+00	 0.00000e+00	 0.00000e+00	 0.00000e+00	 0.00000e+00	 0.00000e+00	 0.00000e+00	 0.00000e+00	 0.00000e+00	 0.00000e+00	 0.00000e+00	 0.00000e+00	 0.00000e+00	 0.00000e+00	 0.00000e+00	 0.00000e+00	 0.00000e+00	 0.00000e+00	 0.00000e+00	 0.00000e+00	 0.00000e+00	 0.00000e+00	 0.00000e+00	 0.00000e+00	 0.00000e+00	 0.00000e+00	 0.00000e+00	 0.00000e+00	 0.00000e+00	 0.00000e+00	 0.00000e+00	 0.00000e+00	 0.00000e+00	 0.00000e+00	 0.00000e+00	 0.00000e+00	 0.00000e+00	 0.00000e+00	 0.00000e+00	 0.00000e+00
U  2	0.000000e+00	 0.00000e+00	 0.00000e+00	 0.00000e+00	 0.00000e+00	 0.00000e+00	 0.00000e+00	 0.00000e+00	 0.00000e+00	 0.00000e+00	 0.00000e+00	 0.00000e+00	 0.00000e+00	 0.00000e+00	 0.00000e+00	 0.00000e+00	 0.00000e+00	 0.00000e+00	 0.00000e+00	 0.00000e+00	 0.00000e+00	 0.00000e+00	 0.00000e+00	 0.00000e+00	 0.00000e+00	 0.00000e+00	 0.00000e+00	 0.00000e+00	 0.00000e+00	 0.00000e+00	 0.00000e+00	 0.00000e+00	 0.00000e+00	 0.00000e+00	 0.00000e+00	 0.00000e+00	 0.00000e+00	 0.00000e+00	 0.00000e+00	 0.00000e+00	 0.00000e+00
UR 0	0.000000e+00	 0.00000e+00	 0.00000e+00	 0.00000e+00	 0.00000e+00	 0.00000e+00	 0.00000e+00	 0.00000e+00	 0.00000e+00	 0.00000e+00	 0.00000e+00	 0.00000e+00	 0.00000e+00	 0.00000e+00	 0.00000e+00	 0.00000e+00	 0.00000e+00	 0.00000e+00	 0.00000e+00	 0.00000e+00	 0.00000e+00	 0.00000e+00	 0.00000e+00	 0.00000e+00	 0.00000e+00	 0.00000e+00	 0.00000e+00	 0.00000e+00	 0.00000e+00	 0.00000e+00	 0.00000e+00	 0.00000e+00	 0.00000e+00	 0.00000e+00	 0.00000e+00	 0.00000e+00	 0.00000e+00	 0.00000e+00	 0.00000e+00	 0.00000e+00	 0.00000e+00
UR 1	0.000000e+00	 0.00000e+00	 0.00000e+00	 0.00000e+00	 0.00000e+00	 0.00000e+00	 0.00000e+00	 0.00000e+00	 0.00000e+00	 0.00000e+00	 0.00000e+00	 0.00000e+00	 0.00000e+00	 0.00000e+00	 0.00000e+00	 0.00000e+00	 0.00000e+00	 0.00000e+00	 0.00000e+00	 0.00000e+00	 0.00000e+00	 0.00000e+00	 0.00000e+00	 0.00000e+00	 0.00000e+00	 0.00000e+00	 0.00000e+00	 0.00000e+00	 0.00000e+00	 0.00000e+00	 0.00000e+00	 0.00000e+00	 0.00000e+00	 0.00000e+00	 0.00000e+00	 0.00000e+00	 0.00000e+00	 0.00000e+00	 0.00000e+00	 0.00000e+00	 0.00000e+00
UR 2	0.000000e+00	 0.00000e+00	 0.00000e+00	 0.00000e+00	 0.00000e+00	 0.00000e+00	 0.00000e+00	 0.00000e+00	 0.00000e+00	 0.00000e+00	 0.00000e+00	 0.00000e+00	 0.00000e+00	 0.00000e+00	 0.00000e+00	 0.00000e+00	 0.00000e+00	 0.00000e+00	 0.00000e+00	 0.00000e+00	 0.00000e+00	 0.00000e+00	 0.00000e+00	 0.00000e+00	 0.00000e+00	 0.00000e+00	 0.00000e+00	 0.00000e+00	 0.00000e+00	 0.00000e+00	 0.00000e+00	 0.00000e+00	 0.00000e+00	 0.00000e+00	 0.00000e+00	 0.00000e+00	 0.00000e+00	 0.00000e+00	 0.00000e+00	 0.00000e+00	 0.00000e+00
U  0	1.000009e-01	 0.00000e+00	 2.83498e-05	 1.19203e-04	 1.89413e-04	 1.94805e-04	 1.60146e-04	 1.21618e-04	 8.74762e-05	 6.90830e-05	 4.96622e-05	 3.70069e-05	 2.30805e-05	 1.09499e-05	 3.14282e-06	-5.07695e-06	-7.53300e-06	-9.95311e-06	-9.07685e-06	-6.83480e-06	-3.85431e-06	 1.92411e-09	 3.85900e-06	 6.83947e-06	 9.08239e-06	 9.95805e-06	 7.53603e-06	 5.07924e-06	-3.14022e-06	-1.09474e-05	-2.30808e-05	-3.70078e-05	-4.96628e-05	-6.90861e-05	-8.74777e-05	-1.21621e-04	-1.60147e-04	-1.94807e-04	-1.89415e-04	-1.19204e-04	-2.83503e-05
U  1	1.000009e-01	 1.00035e-03	 6.40531e-04	 2.27158e-04	 3.82391e-05	 1.81736e-05	 5.18786e-05	 7.96009e-05	 9.62088e-05	 9.97897e-05	 1.00413e-04	 9.74587e-05	 9.22519e-05	 8.53097e-05	 7.78271e-05	 6.83219e-05	 6.12138e-05	 5.23905e-05	 4.64350e-05	 4.15726e-05	 3.75909e-05	 3.77993e-05	 3.75928e-05	 4.15735e-05	 4.64372e-05	 5.23936e-05	 6.12173e-05	 6.83250e-05	 7.78301e-05	 8.53137e-05	 9.22550e-05	 9.74615e-05	 1.00416e-04	 9.97925e-05	 9.62108e-05	 7.96029e-05	 5.18808e-05	 1.81748e-05	 3.82402e-05	 2.27158e-04	 6.40531e-04
U  2	1.000009e-01	-6.09350e-04	-5.43480e-04	-4.01205e-04	-2.06359e-04	 3.60020e-06	 1.85114e-04	 3.12014e-04	 3.65706e-04	 3.45970e-04	 2.64173e-04	 1.44348e-04	 1.33971e-05	-9.99465e-05	-1.75618e-04	-2.00882e-04	-1.77103e-04	-1.13940e-04	-3.13648e-05	 4.97836e-05	 1.07650e-04	 1.29091e-04	 1.07647e-04	 4.97783e-05	-3.13720e-05	-1.13948e-04	-1.77111e-04	-2.00888e-04	-1.75621e-04	-9.99483e-05	 1.33983e-05	 1.44353e-04	 2.64180e-04	 3.45981e-04	 3.65710e-04	 3.12016e-04	 1.85109e-04	 3.59219e-06	-2.06366e-04	-4.01213e-04	-5.43480e-04
UR 0	1.000009e-01	 4.66781e-03	 4.36239e-03	 3.78822e-03	 3.02072e-03	 1.99164e-03	 8.73115e-04	-2.34611e-04	-1.23881e-03	-2.03363e-03	-2.54978e-03	-2.75773e-03	-2.66096e-03	-2.30461e-03	-1.76297e-03	-1.11420e-03	-4.47720e-04	 1.76229e-04	 6.93477e-04	 1.08537e-03	 1.31982e-03	 1.40331e-03	 1.31979e-03	 1.08532e-03	 6.93414e-04	 1.76157e-04	-4.47785e-04	-1.11427e-03	-1.76305e-03	-2.30471e-03	-2.66105e-03	-2.75781e-03	-2.54984e-03	-2.03364e-03	-1.23877e-03	-2.34560e-04	 8.73185e-04	 1.99172e-03	 3.02075e-03	 3.78819e-03	 4.36234e-03
UR 1	1.000009e-01	-2.48650e-08	-1.72789e-03	-2.63068e-03	-3.45268e-03	-3.83998e-03	-3.86901e-03	-3.64862e-03	-3.19042e-03	-2.58176e-03	-1.86619e-03	-1.10241e-03	-3.17745e-04	 4.13378e-04	 1.05352e-03	 1.53571e-03	 1.82256e-03	 1.86955e-03	 1.67844e-03	 1.26146e-03	 6.77216e-04	-3.14960e-08	-6.77276e-04	-1.26152e-03	-1.67848e-03	-1.86961e-03	-1.82260e-03	-1.53575e-03	-1.05361e-03	-4.13429e-04	 3.17684e-04	 1.10238e-03	 1.86625e-03	 2.58187e-03	 3.19057e-03	 3.64875e-03	 3.86906e-03	 3.83996e-03	 3.45261e-03	 2.63062e-03	 1.72786e-03
UR 2	1.000009e-01	 4.10751e-09	-1.02680e-02	-6.83543e-03	-2.05538e-03	 6.01689e-04	 1.11076e-03	 9.27007e-04	 5.76367e-04	 3.76994e-04	 3.42442e-04	 2.69762e-04	 3.11424e-04	 2.38812e-04	 2.40544e-04	 1.97030e-04	 1.52602e-04	 1.47024e-04	 7.79012e-05	 8.05613e-05	 2.27914e-05	-3.20887e-08	-2.27824e-05	-8.05722e-05	-7.79130e-05	-1.47049e-04	-1.52632e-04	-1.97028e-04	-2.40532e-04	-2.38867e-04	-3.11481e-04	-2.69745e-04	-3.42447e-04	-3.77016e-04	-5.76360e-04	-9.26985e-04	-1.11073e-03	-6.01716e-04	 2.05538e-03	 6.83538e-03	 1.02680e-02
U  0	2.000018e-01	 0.00000e+00	 4.73839e-05	 2.14306e-04	 2.92080e-04	 2.69996e-04	 1.80004e-04	 6.97700e-05	 5.09011e-05	-1.05219e-05	 1.98282e-05	-8.17159e-06	 1.93162e-06	-7.59966e-07	-1.91618e-05	-8.49531e-06	-2.64348e-05	-1.37100e-05	-1.26097e-05	-6.32136e-06	-7.69444e-07	-1.23107e-08	 7.44933e-07	 6.29726e-06	 1.25877e-05	 1.36915e-05	 2.64188e-05	 8.48225e-06	 1.91517e-05	 7.52759e-07	-1.93677e-06	 8.16615e-06	-1.98287e-05	 1.05253e-05	-5.08882e-05	-6.97499e-05	-1.79987e-04	-2.69969e-04	-2.92064e-04	-2.14299e-04	-4.73867e-05
U  1	2.000018e-01	 1.99878e-03	 1.39417e-03	 5.10216e-04	 1.39505e-04	 3.56194e-05	 4.99322e-05	 1.05027e-04	 1.06462e-04	 1.30303e-04	 1.15009e-04	 9.75847e-05	 7.50500e-05	 5.31699e-05	 3.42354e-05	 3.66167e-05	 1.93714e-05	 2.83598e-05	 1.56068e-05	 1.25350e-05	 1.50542e-05	 4.16063e-06	 1.50503e-05	 1.25280e-05	 1.55993e-05	 2.83483e-05	 1.93553e-05	 3.65969e-05	 3.42125e-05	 5.31472e-05	 7.50241e-05	 9.75586e-05	 1.14985e-04	 1.30284e-04	 1.06446e-04	 1.05016e-04	 4.99168e-05	 3.56038e-05	 1.39477e-04	 5.10166e-04	 1.39411e-03
U  2	2.000018e-01	 7.67595e-03	 7.07067e-03	 5.36398e-03	 2.97494e-03	 4.03664e-04	-1.89096e-03	-3.54282e-03	-4.34953e-03	-4.28166e-03	-3.47356e-03	-2.17737e-03	-7.09028e-04	 6.23271e-04	 1.57420e-03	 2.00711e-03	 1.90878e-03	 1.38523e-03	 6.25320e-04	-1.41973e-04	-7.03521e-04	-9.08560e-04	-7.03564e-04	-1.42031e-04	 6.25263e-04	 1.38520e-03	 1.90880e-03	 2.00718e-03	 1.57435e-03	 6.23457e-04	-7.08831e-04	-2.17719e-03	-3.47347e-03	-4.28165e-03	-4.34973e-03	-3.54310e-03	-1.89126e-03	 4.03324e-04	 2.97463e-03	 5.36369e-03	 7.07054e-03
UR 0	2.000018e-01	-5.89943e-02	-5.67990e-02	-5.01442e-02	-3.99451e-02	-2.76450e-02	-1.40900e-02	-5.73112e-04	 1.15007e-02	 2.11374e-02	 2.75525e-02	 3.04117e-02	 2.98698e-02	 2.64486e-02	 2.09521e-02	 1.43150e-02	 7.43018e-03	 1.03544e-03	-4.32974e-03	-8.31457e-03	-1.07560e-02	-1.15745e-02	-1.07565e-02	-8.31564e-03	-4.33092e-03	 1.03419e-03	 7.42889e-03	 1.43139e-02	 2.09512e-02	 2.64483e-02	 2.98701e-02	 3.04130e-02	 2.75544e-02	 2.11402e-02	 1.15038e-02	-5.70036e-04	-1.40875e-02	-2.76430e-02	-3.99437e-02	-5.01430e-02	-5.67985e-02
UR 1	2.000018e-01	-1.68017e-06	 1.72879e-02	 3.14316e-02	 4.06480e-02	 4.55779e-02	 4.66470e-02	 4.43826e-02	 3.95704e-02	 3.29203e-02	 2.49984e-02	 1.63671e-02	 7.60684e-03	-7.88272e-04	-8.15715e-03	-1.38883e-02	-1.74473e-02	-1.84592e-02	-1.68203e-02	-1.27744e-02	-6.88573e-03	-4.41439e-07	 6.88499e-03	 1.27739e-02	 1.68200e-02	 1.84594e-02	 1.74478e-02	 1.38888e-02	 8.15790e-03	 7.89117e-04	-7.60601e-03	-1.63666e-02	-2.49980e-02	-3.29203e-02	-3.95710e-02	-4.43842e-02	-4.66485e-02	-4.55795e-02	-4.06497e-02	-3.14340e-02	-1.72909e-02
UR 2	2.000018e-01	 1.41787e-06	-1.88497e-02	-1.33933e-02	-3.44216e-03	 4.52140e-05	 2.00516e-03	 8.85823e-04	 7.29985e-04	 5.40351e-04	 1.00945e-04	 5.92599e-04	-1.28927e-04	 3.79823e-04	-4.85551e-05	 1.38174e-04	 1.97586e-04	-5.53937e-05	 2.38319e-04	-1.42613e-04	 8.60763e-05	 6.16044e-08	-8.60215e-05	 1.42672e-04	-2.38263e-04	 5.55290e-05	-1.97498e-04	-1.38072e-04	 4.85370e-05	-3.79670e-04	 1.28912e-04	-5.92561e-04	-1.00835e-04	-5.40247e-04	-7.29853e-04	-8.85691e-04	-2.00508e-03	-4.52166e-05	 3.44179e-03	 1.33928e-02	 1.88498e-02
U  0	3.000004e-01	 0.00000e+00	 4.58343e-05	 1.92521e-04	 2.30202e-04	 1.90112e-04	 3.86960e-05	-1.35732e-04	-1.56782e-04	-2.36326e-04	-1.37586e-04	-1.44464e-04	-6.59737e-05	-4.01073e-05	-2.78462e-05	 9.84914e-07	-1.48850e-05	 6.42931e-06	 3.06658e-06	 9.62212e-06	 7.42766e-06	-5.30962e-08	-7.53469e-06	-9.72554e-06	-3.16846e-06	-6.51949e-06	 1.48030e-05	-1.03399e-06	 2.78088e-05	 4.00632e-05	 6.59348e-05	 1.44411e-04	 1.37573e-04	 2.36344e-04	 1.56870e-04	 1.35816e-04	-3.85523e-05	-1.89973e-04	-2.30129e-04	-1.92488e-04	-4.58288e-05
U  1	3.000004e-01	 2.99705e-03	 2.37402e-03	 1.25696e-03	 5.79990e-04	 1.52889e-04	 3.33489e-06	 3.24947e-06	-2.13625e-05	 1.79699e-05	-8.16245e-06	-3.90341e-05	-8.04898e-05	-1.21134e-04	-1.41707e-04	-1.28877e-04	-1.33234e-04	-9.82220e-05	-1.00882e-04	-8.29283e-05	-7.83638e-05	-8.02725e-05	-7.83762e-05	-8.29649e-05	-1.00923e-04	-9.82765e-05	-1.33297e-04	-1.28974e-04	-1.41828e-04	-1.21267e-04	-8.06383e-05	-3.91749e-05	-8.28058e-06	 1.78747e-05	-2.14368e-05	 3.15312e-06	 3.25729e-06	 1.52771e-04	 5.79790e-04	 1.25672e-03	 2.37387e-03
U  2	3.000004e-01	 1.62230e-02	 1.50716e-02	 1.18573e-02	 7.30879e-03	 2.35275e-03	-2.14274e-03	-5.51485e-03	-7.39906e-03	-7.73950e-03	-6.75543e-03	-4.85575e-03	-2.54842e-03	-3.28555e-04	 1.41144e-03	 2.43627e-03	 2.70111e-03	 2.32871e-03	 1.56801e-03	 7.21482e-04	 7.84950e-05	-1.61217e-04	 7.80889e-05	 7.20815e-04	 1.56725e-03	 2.32811e-03	 2.70097e-03	 2.43654e-03	 1.41228e-03	-3.27209e-04	-2.54684e-03	-4.85433e-03	-6.75440e-03	-7.73950e-03	-7.39989e-03	-5.51595e-03	-2.14431e-03	 2.35105e-03	 7.30720e-03	 1.18559e-02	 1.50711e-02
UR 0	3.000004e-01	-1.19857e-01	-1.15270e-01	-1.02775e-01	-8.33713e-02	-6.01448e-02	-3.47010e-02	-9.80906e-03	 1.20329e-02	 2.92763e-02	 4.08050e-02	 4.63526e-02	 4.64741e-02	 4.21892e-02	 3.48744e-02	 2.59653e-02	 1.67754e-02	 8.27889e-03	 1.22116e-03	-4.00927e-03	-7.19003e-03	-8.26643e-03	-7.19251e-03	-4.01372e-03	 1.21591e-03	 8.27303e-03	 1.67700e-02	 2.59602e-02	 3.48699e-02	 4.21880e-02	 4.64766e-02	 4.63607e-02	 4.08192e-02	 2.92974e-02	 1.20529e-02	-9.79037e-03	-3.46829e-02	-6.01264e-02	-8.33552e-02	-1.02765e-01	-1.15253e-01
UR 1	3.000004e-01	-7.71197e-06	 3.15349e-02	 5.71642e-02	 7.45516e-02	 8.37534e-02	 8.61104e-02	 8.28226e-02	 7.52894e-02	 6.47599e-02	 5.20284e-02	 3.80456e-02	 2.36804e-02	 9.74722e-03	-2.66868e-03	-1.25876e-02	-1.92202e-02	-2.20045e-02	-2.08630e-02	-1.61769e-02	-8.81232e-03	-4.42793e-06	 8.80461e-03	 1.61715e-02	 2.08613e-02	 2.20076e-02	 1.92282e-02	 1.25996e-02	 2.68627e-03	-9.72784e-03	-2.36614e-02	-3.80309e-02	-5.20226e-02	-6.47646e-02	-7.52942e-02	-8.28339e-02	-8.61232e-02	-8.37663e-02	-7.45643e-02	-5.71835e-02	-3.15501e-02
UR 2	3.000004e-01	 1.45043e-06	-1.93897e-02	-1.64217e-02	-7.84481e-03	-3.82990e-03	 6.38388e-04	-3.55394e-04	 2.84703e-04	 9.90421e-05	-3.83634e-04	 3.24422e-04	-8.51014e-04	-2.61601e-05	-7.81373e-04	-2.67386e-04	-2.49804e-04	-3.49770e-04	 2.72913e-05	-3.26628e-04	 1.57388e-05	 8.00073e-08	-1.53401e-05	 3.26934e-04	-2.69150e-05	 3.49960e-04	 2.50347e-04	 2.68428e-04	 7.81574e-04	 2.72105e-05	 8.51241e-04	-3.24302e-04	 3.84350e-04	-9.66120e-05	-2.83514e-04	 3.55920e-04	-6.37707e-04	 3.82944e-03	 7.84421e-03	 1.64223e-02	 1.93897e-02
U  0	4.000013e-01	 0.00000e+00	 4.20338e-05	 1.59901e-04	 1.78702e-04	 1.44971e-04	-5.23364e-05	-2.78803e-04	-3.23006e-04	-4.18398e-04	-2.77717e-04	-2.63126e-04	-1.26790e-04	-7.55697e-05	-2.91208e-05	 1.36237e-05	 5.91614e-06	 3.02591e-05	 2.06698e-05	 2.43557e-05	 1.36856e-05	-1.27446e-08	-1.37122e-05	-2.43840e-05	-2.07052e-05	-3.02886e-05	-5.94527e-06	-1.36238e-05	 2.91148e-05	 7.55327e-05	 1.26732e-04	 2.63034e-04	 2.77661e-04	 4.18385e-04	 3.23069e-04	 2.78917e-04	 5.25825e-05	-1.44699e-04	-1.78518e-04	-1.59804e-04	-4.19929e-05
U  1	4.000013e-01	 3.99535e-03	 3.37134e-03	 2.09410e-03	 1.08996e-03	 3.12281e-04	-1.94574e-05	-9.68697e-05	-1.48197e-04	-1.01342e-04	-1.28246e-04	-1.59621e-04	-2.06112e-04	-2.55814e-04	-2.74846e-04	-2.59012e-04	-2.52026e-04	-2.00970e-04	-1.94163e-04	-1.58241e-04	-1.53767e-04	-1.44447e-04	-1.53767e-04	-1.58248e-04	-1.94159e-04	-2.00971e-04	-2.52027e-04	-2.59052e-04	-2.74918e-04	-2.55906e-04	-2.06234e-04	-1.59733e-04	-1.28347e-04	-1.01417e-04	-1.48255e-04	-9.69868e-05	-1.96113e-05	 3.12001e-04	 1.08948e-03	 2.09360e-03	 3.37105e-03
U  2	4.000013e-01	 2.22205e-02	 2.07417e-02	 1.66408e-02	 1.07880e-02	 4.35333e-03	-1.55478e-03	-6.09456e-03	-8.80526e-03	-9.60768e-03	-8.75631e-03	-6.72233e-03	-4.10116e-03	-1.46689e-03	 7.20999e-04	 2.17495e-03	 2.81987e-03	 2.75892e-03	 2.23778e-03	 1.55735e-03	 1.01262e-03	 8.04371e-04	 1.01206e-03	 1.55640e-03	 2.23667e-03	 2.75802e-03	 2.81944e-03	 2.17507e-03	 7.21944e-04	-1.46512e-03	-4.09912e-03	-6.72021e-03	-8.75422e-03	-9.60674e-03	-8.80416e-03	-6.09560e-03	-1.55737e-03	 4.35016e-03	 1.07835e-02	 1.66396e-02	 2.07387e-02
UR 0	4.000013e-01	-1.57935e-01	-1.52122e-01	-1.36687e-01	-1.12273e-01	-8.28304e-02	-5.07606e-02	-1.93254e-02	 8.03799e-03	 2.95497e-02	 4.40479e-02	 5.13712e-02	 5.24189e-02	 4.84981e-02	 4.12621e-02	 3.23506e-02	 2.31562e-02	 1.46995e-02	 7.72261e-03	 2.56002e-03	-5.57480e-04	-1.61757e-03	-5.60536e-04	 2.55449e-03	 7.71537e-03	 1.46911e-02	 2.31477e-02	 3.23422e-02	 4.12538e-02	 4.84926e-02	 5.24180e-02	 5.13749e-02	 4.40607e-02	 2.95729e-02	 8.06675e-03	-1.92917e-02	-5.07252e-02	-8.27914e-02	-1.12235e-01	-1.36660e-01	-1.52096e-01
UR 1	4.000013e-01	-2.02313e-05	 3.94081e-02	 7.17228e-02	 9.44254e-02	 1.06083e-01	 1.09576e-01	 1.06118e-01	 9.75914e-02	 8.55536e-02	 7.07488e-02	 5.43084e-02	 3.72826e-02	 2.06077e-02	 5.63376e-03	-6.59366e-03	-1.51418e-02	-1.94107e-02	-1.93354e-02	-1.53642e-02	-8.47007e-03	-6.00290e-06	 8.45931e-03	 1.53560e-02	 1.93317e-02	 1.94129e-02	 1.51495e-02	 6.60781e-03	-5.61151e-03	-2.05808e-02	-3.72532e-02	-5.42809e-02	-7.07316e-02	-8.55452e-02	-9.75836e-02	-1.06121e-01	-1.09585e-01	-1.06098e-01	-9.44468e-02	-7.17562e-02	-3.94468e-02
UR 2	4.000013e-01	 1.55108e-06	-1.88248e-02	-1.88911e-02	-1.30703e-02	-8.04418e-03	-1.06012e-03	-1.50100e-03	-1.78373e-04	-3.84324e-04	-7.75974e-04	-1.43355e-05	-1.34712e-03	-3.53622e-04	-1.30444e-03	-6.03484e-04	-6.82390e-04	-5.64151e-04	-2.03812e-04	-4.19343e-04	-5.53739e-05	-1.33424e-08	 5.54795e-05	 4.19272e-04	 2.03830e-04	 5.64138e-04	 6.82876e-04	 6.04276e-04	 1.30443e-03	 3.54540e-04	 1.34712e-03	 1.46617e-05	 7.76578e-04	 3.86998e-04	 1.79366e-04	 1.50180e-03	 1.06066e-03	 8.04346e-03	 1.30698e-02	 1.88926e-02	 1.88253e-02
U  0	5.000022e-01	 0.00000e+00	 4.21596e-05	 1.43768e-04	 1.50989e-04	 1.18360e-04	-1.25084e-04	-4.05577e-04	-4.88142e-04	-6.12979e-04	-4.51848e-04	-4.00426e-04	-1.94668e-04	-1.11354e-04	-3.15481e-05	 2.29868e-05	 2.35676e-05	 5.03951e-05	 3.60418e-05	 3.69407e-05	 1.89803e-05	 2.99401e-08	-1.89244e-05	-3.68912e-05	-3.60090e-05	-5.03537e-05	-2.35439e-05	-2.29439e-05	 3.15695e-05	 1.11309e-04	 1.94523e-04	 4.00102e-04	 4.51458e-04	 6.12716e-04	 4.88070e-04	 4.05658e-04	 1.25390e-04	-1.17999e-04	-1.50701e-04	-1.43625e-04	-4.21208e-05
U  1	5.000022e-01	 4.99365e-03	 4.32353e-03	 2.85998e-03	 1.54780e-03	 4.58276e-04	-3.87513e-05	-1.89980e-04	-2.63684e-04	-2.08565e-04	-2.31701e-04	-2.61715e-04	-3.08328e-04	-3.62225e-04	-3.79364e-04	-3.63712e-04	-3.49202e-04	-2.87352e-04	-2.73261e-04	-2.23534e-04	-2.19593e-04	-2.00981e-04	-2.19571e-04	-2.23502e-04	-2.73193e-04	-2.87301e-04	-3.49136e-04	-3.63703e-04	-3.79398e-04	-3.62297e-04	-3.08452e-04	-2.61841e-04	-2.31829e-04	-2.08649e-04	-2.63711e-04	-1.90069e-04	-3.89118e-05	 4.57922e-04	 1.54715e-03	 2.85939e-03	 4.32303e-03
U  2	5.000022e-01	 2.67998e-02	 2.50892e-02	 2.03567e-02	 1.35584e-02	 6.03896e-03	-9.22694e-04	-6.36352e-03	-9.74642e-03	-1.09682e-02	-1.02925e-02	-8.21830e-03	-5.40717e-03	-2.48483e-03	 3.92420e-05	 1.83665e-03	 2.80549e-03	 3.02703e-03	 2.73655e-03	 2.22508e-03	 1.78420e-03	 1.61008e-03	 1.78329e-03	 2.22345e-03	 2.73460e-03	 3.02512e-03	 2.80421e-03	 1.83632e-03	 4.02409e-05	-2.48242e-03	-5.40364e-03	-8.21590e-03	-1.02880e-02	-1.09655e-02	-9.74412e-03	-6.36369e-03	-9.25150e-04	 6.03535e-03	 1.35515e-02	 2.03516e-02	 2.50898e-02
UR 0	5.000022e-01	-1.86685e-01	-1.80052e-01	-1.62483e-01	-1.34547e-01	-1.00345e-01	-6.36500e-02	-2.76451e-02	 3.67097e-03	 2.82872e-02	 4.51430e-02	 5.39950e-02	 5.59556e-02	 5.25379e-02	 4.56475e-02	 3.70191e-02	 2.80967e-02	 1.99281e-02	 1.32324e-02	 8.28654e-03	 5.31941e-03	 4.30427e-03	 5.31420e-03	 8.27685e-03	 1.32189e-02	 1.99115e-02	 2.80782e-02	 3.70006e-02	 4.56302e-02	 5.25240e-02	 5.59467e-02	 5.39909e-02	 4.51533e-02	 2.83168e-02	 3.70578e-03	-2.76043e-02	-6.36058e-02	-1.00302e-01	-1.34498e-01	-1.62452e-01	-1.80028e-01
UR 1	5.000022e-01	-1.66322e-05	 4.48198e-02	 8.21055e-02	 1.08265e-01	 1.21985e-01	 1.26606e-01	 1.23433e-01	 1.14625e-01	 1.01875e-01	 8.59567e-02	 6.77975e-02	 4.88357e-02	 3.01054e-02	 1.31998e-02	-8.10851e-04	-1.08868e-02	-1.64201e-02	-1.73461e-02	-1.41608e-02	-7.90748e-03	-1.01005e-05	 7.88883e-03	 1.41454e-02	 1.73364e-02	 1.64174e-02	 1.08920e-02	 8.26120e-04	-1.31719e-02	-3.00697e-02	-4.87957e-02	-6.77576e-02	-8.59253e-02	-1.01856e-01	-1.14609e-01	-1.23428e-01	-1.26612e-01	-1.22000e-01	-1.08295e-01	-8.21467e-02	-4.48590e-02
UR 2	5.000022e-01	 2.48119e-06	-1.94793e-02	-2.16708e-02	-1.77026e-02	-1.15987e-02	-2.51407e-03	-2.32427e-03	-3.73504e-04	-5.37100e-04	-1.20971e-03	-8.09082e-04	-2.05206e-03	-7.14587e-04	-1.70508e-03	-8.37014e-04	-1.02888e-03	-7.44566e-04	-4.06830e-04	-4.90501e-04	-1.17267e-04	-3.02496e-07	 1.17099e-04	 4.90102e-04	 4.06779e-04	 7.44471e-04	 1.02890e-03	 8.37661e-04	 1.70499e-03	 7.15075e-04	 2.05005e-03	 8.06891e-04	 1.21035e-03	 5.42803e-04	 3.75740e-04	 2.32593e-03	 2.51426e-03	 1.15980e-02	 1.77022e-02	 2.16748e-02	 1.94786e-02
U  0	6.000009e-01	 0.00000e+00	 4.25116e-05	 1.22046e-04	 1.01603e-04	 3.92027e-05	-2.99407e-04	-7.24072e-04	-9.43726e-04	-1.14198e-03	-9.50190e-04	-7.44286e-04	-3.41582e-04	-1.70619e-04	-3.39753e-05	 3.58408e-05	 4.48398e-05	 7.45787e-05	 5.42946e-05	 5.27662e-05	 2.58487e-05	 2.82642e-07	-2.52962e-05	-5.22394e-05	-5.38202e-05	-7.41338e-05	-4.44760e-05	-3.54983e-05	 3.42268e-05	 1.70692e-04	 3.41385e-04	 7.43675e-04	 9.49216e-04	 1.14102e-03	 9.42971e-04	 7.23551e-04	 2.99271e-04	-3.91930e-05	-1.01479e-04	-1.22013e-04	-4.25075e-05
U  1	6.000009e-01	 5.99192e-03	 5.28306e-03	 3.63655e-03	 2.00364e-03	 5.81112e-04	-9.74251e-05	-3.03607e-04	-3.69927e-04	-2.96183e-04	-3.16162e-04	-3.56390e-04	-4.05907e-04	-4.68375e-04	-4.90557e-04	-4.85217e-04	-4.69663e-04	-3.98674e-04	-3.78149e-04	-3.10564e-04	-3.07682e-04	-2.76770e-04	-3.07566e-04	-3.10370e-04	-3.77831e-04	-3.98310e-04	-4.69231e-04	-4.84813e-04	-4.90193e-04	-4.68062e-04	-4.05689e-04	-3.56204e-04	-3.16094e-04	-2.96084e-04	-3.69761e-04	-3.03429e-04	-9.72083e-05	 5.81201e-04	 2.00344e-03	 3.63641e-03	 5.28270e-03
U  2	6.000009e-01	 3.11104e-02	 2.91729e-02	 2.38254e-02	 1.60860e-02	 7.42293e-03	-7.32631e-04	-7.27296e-03	-1.15291e-02	-1.33108e-02	-1.28437e-02	-1.06445e-02	-7.45828e-03	-4.02027e-03	-9.33882e-04	 1.40248e-03	 2.84641e-03	 3.45498e-03	 3.45897e-03	 3.15063e-03	 2.82860e-03	 2.69263e-03	 2.82722e-03	 3.14810e-03	 3.45602e-03	 3.45144e-03	 2.84369e-03	 1.40066e-03	-9.34077e-04	-4.01817e-03	-7.45426e-03	-1.06385e-02	-1.28341e-02	-1.33055e-02	-1.15254e-02	-7.26940e-03	-7.31302e-04	 7.42304e-03	 1.60805e-02	 2.38256e-02	 2.91744e-02
UR 0	6.000009e-01	-2.16893e-01	-2.09511e-01	-1.89755e-01	-1.58961e-01	-1.20220e-01	-7.92133e-02	-3.84935e-02	-2.29483e-03	 2.68990e-02	 4.78937e-02	 5.98203e-02	 6.33891e-02	 6.06542e-02	 5.39332e-02	 4.52771e-02	 3.62934e-02	 2.81033e-02	 2.14442e-02	 1.65473e-02	 1.36342e-02	 1.26322e-02	 1.36272e-02	 1.65339e-02	 2.14250e-02	 2.80789e-02	 3.62641e-02	 4.52451e-02	 5.38995e-02	 6.06231e-02	 6.33598e-02	 5.97937e-02	 4.78885e-02	 2.69169e-02	-2.27810e-03	-3.84746e-02	-7.91904e-02	-1.20197e-01	-1.58933e-01	-1.89739e-01	-2.09495e-01
UR 1	6.000009e-01	-8.98485e-07	 4.97490e-02	 9.17150e-02	 1.21788e-01	 1.38923e-01	 1.46369e-01	 1.45096e-01	 1.37127e-01	 1.24127e-01	 1.07074e-01	 8.67984e-02	 6.50109e-02	 4.30551e-02	 2.31378e-02	 6.34821e-03	-6.05857e-03	-1.33915e-02	-1.56047e-02	-1.32660e-02	-7.54415e-03	-1.45283e-05	 7.51654e-03	 1.32411e-02	 1.55844e-02	 1.33775e-02	 6.05241e-03	-6.34432e-03	-2.31184e-02	-4.30231e-02	-6.49700e-02	-8.67502e-02	-1.07025e-01	-1.24092e-01	-1.37097e-01	-1.45074e-01	-1.46357e-01	-1.38919e-01	-1.21800e-01	-9.17256e-02	-4.97569e-02
UR 2	6.000009e-01	 1.10227e-07	-1.97246e-02	-2.40041e-02	-2.19459e-02	-1.48172e-02	-3.05100e-03	-1.48510e-03	 5.45393e-04	-4.77058e-04	-2.93995e-03	-4.25717e-03	-4.40435e-03	-1.55798e-03	-2.21314e-03	-1.00498e-03	-1.38740e-03	-9.35947e-04	-6.72057e-04	-6.04161e-04	-2.05405e-04	-1.18265e-06	 2.03645e-04	 6.01936e-04	 6.70331e-04	 9.34083e-04	 1.38567e-03	 1.00435e-03	 2.21067e-03	 1.55629e-03	 4.39852e-03	 4.25092e-03	 2.93702e-03	 4.81564e-04	-5.41638e-04	 1.48886e-03	 3.05243e-03	 1.48177e-02	 2.19445e-02	 2.40064e-02	 1.97184e-02
U  0	7.000018e-01	 0.00000e+00	-2.14458e-05	-9.78297e-05	-3.21069e-04	-6.12932e-04	-1.24287e-03	-2.12659e-03	-2.75489e-03	-3.14129e-03	-2.88182e-03	-2.32184e-03	-1.38199e-03	-6.18010e-04	 5.00325e-05	 3.75858e-04	 5.17966e-04	 6.23825e-04	 6.33225e-04	 6.70008e-04	 6.48248e-04	 6.23708e-04	 5.83104e-04	 5.17238e-04	 4.76065e-04	 4.02221e-04	 3.82503e-04	 4.11946e-04	 5.54408e-04	 1.00526e-03	 1.42453e-03	 1.88935e-03	 1.91577e-03	 1.72875e-03	 1.12573e-03	 6.30877e-04	 1.73774e-04	-1.35057e-04	-1.59236e-04	-1.50099e-04	-5.02657e-05
U  1	7.000018e-01	 6.99022e-03	 5.99728e-03	 4.04148e-03	 2.00970e-03	 2.00518e-04	-7.28389e-04	-9.37477e-04	-9.49343e-04	-8.45215e-04	-8.68179e-04	-9.47283e-04	-1.03821e-03	-1.10637e-03	-1.08222e-03	-1.07144e-03	-1.04163e-03	-9.28917e-04	-8.61286e-04	-6.75133e-04	-5.99331e-04	-4.27443e-04	-3.83729e-04	-2.61576e-04	-2.39979e-04	-1.50177e-04	-1.02762e-04	-4.67759e-05	 3.37503e-06	-2.94288e-05	-1.11901e-05	-1.00706e-05	-4.04099e-05	-9.38590e-05	-1.61429e-04	 9.94723e-05	 7.79645e-04	 1.99727e-03	 3.80199e-03	 5.47927e-03	 6.78800e-03
U  2	7.000018e-01	 3.66747e-02	 3.31954e-02	 2.61547e-02	 1.66007e-02	 6.01738e-03	-4.10770e-03	-1.25442e-02	-1.84099e-02	-2.12771e-02	-2.12009e-02	-1.86173e-02	-1.43345e-02	-9.25848e-03	-4.25376e-03	 1.06108e-05	 3.19329e-03	 5.22597e-03	 6.27595e-03	 6.61036e-03	 6.52606e-03	 6.23286e-03	 5.83108e-03	 5.25891e-03	 4.35626e-03	 2.88529e-03	 6.58914e-04	-2.41144e-03	-6.18441e-03	-1.02807e-02	-1.40542e-02	-1.67217e-02	-1.75397e-02	-1.59075e-02	-1.15771e-02	-4.68476e-03	 4.20228e-03	 1.40665e-02	 2.35858e-02	 3.13312e-02	 3.59581e-02
UR 0	7.000018e-01	-2.55394e-01	-2.42965e-01	-2.18365e-01	-1.83535e-01	-1.40877e-01	-9.60427e-02	-5.11054e-02	-9.06473e-03	 2.73698e-02	 5.66267e-02	 7.67488e-02	 8.71657e-02	 8.94277e-02	 8.55278e-02	 7.82547e-02	 6.99007e-02	 6.20665e-02	 5.54732e-02	 5.03136e-02	 4.66522e-02	 4.43498e-02	 4.34366e-02	 4.39040e-02	 4.59276e-02	 4.93204e-02	 5.37869e-02	 5.84055e-02	 6.15426e-02	 6.09096e-02	 5.40117e-02	 3.95373e-02	 1.63926e-02	-1.45135e-02	-5.14004e-02	-9.29924e-02	-1.36200e-01	-1.76809e-01	-2.12690e-01	-2.38873e-01	-2.53416e-01
UR 1	7.000018e-01	 3.07983e-02	 8.04524e-02	 1.22896e-01	 1.55091e-01	 1.76291e-01	 1.89441e-01	 1.93762e-01	 1.89598e-01	 1.77904e-01	 1.60072e-01	 1.36761e-01	 1.09949e-01	 8.11143e-02	 5.32473e-02	 2.81933e-02	 8.26099e-03	-5.46948e-03	-1.28164e-02	-1.44781e-02	-1.20049e-02	-7.50300e-03	-3.29127e-03	-1.59767e-03	-4.21349e-03	-1.22872e-02	-2.60680e-02	-4.49426e-02	-6.75850e-02	-9.16025e-02	-1.15078e-01	-1.35522e-01	-1.51634e-01	-1.61903e-01	-1.65916e-01	-1.62950e-01	-1.52535e-01	-1.33295e-01	-1.05537e-01	-6.73030e-02	-2.04822e-02
UR 2	7.000018e-01	-4.76652e-03	-1.97731e-02	-2.56330e-02	-2.51940e-02	-1.79301e-02	-1.97928e-03	 2.92490e-03	 3.01384e-03	-8.29486e-04	-6.72575e-03	-1.15459e-02	-1.36219e-02	-1.18003e-02	-9.53024e-03	-4.50410e-03	-4.28668e-03	-2.95651e-03	-3.12969e-03	-2.79778e-03	-2.42638e-03	-2.17731e-03	-1.64205e-03	-1.54469e-03	-9.87877e-04	-1.37433e-03	-1.04886e-05	 1.10717e-04	 4.55703e-03	 6.30365e-03	 6.21757e-03	 3.01897e-03	-1.25823e-03	-4.30733e-03	-2.99110e-03	 4.35304e-03	 8.94636e-03	 1.83518e-02	 2.10059e-02	 1.78787e-02	 1.04873e-02
U  0	8.000004e-01	 0.00000e+00	-1.72097e-04	-4.91298e-04	-1.07119e-03	-2.00420e-03	-3.52676e-03	-5.51108e-03	-7.28296e-03	-8.53276e-03	-8.80682e-03	-8.15000e-03	-6.52757e-03	-4.42458e-03	-2.16308e-03	-5.34180e-04	 2.53769e-04	 4.74493e-04	 3.38504e-04	 1.87612e-04	 6.91891e-05	 8.34555e-05	 2.44984e-04	 5.53609e-04	 1.12829e-03	 2.07198e-03	 3.59402e-03	 5.56069e-03	 7.31174e-03	 8.55151e-03	 8.82184e-03	 8.16511e-03	 6.54025e-03	 4.42626e-03	 2.15793e-03	 5.37028e-04	-2.26417e-04	-4.30903e-04	-2.84929e-04	-1.21678e-04	 8.87749e-06
U  1	8.000004e-01	 7.98849e-03	 6.41428e-03	 4.16454e-03	 2.00082e-03	 3.32424e-04	-4.29971e-04	-4.86936e-04	-3.62009e-04	-1.62905e-04	-5.86593e-05	-6.34859e-05	-2.05345e-04	-5.00308e-04	-9.45076e-04	-1.80171e-03	-3.21465e-03	-4.94734e-03	-6.68764e-03	-7.78893e-03	-8.10328e-03	-7.37576e-03	-5.88321e-03	-3.78288e-03	-1.80002e-03	-3.09393e-04	 3.40051e-04	 3.40217e-04	 1.89472e-04	-2.15297e-05	-1.29203e-04	-1.20543e-04	 3.22250e-05	 3.49898e-04	 8.38953e-04	 1.77638e-03	 3.31854e-03	 5.19898e-03	 7.08068e-03	 8.30273e-03	 8.69906e-03
U  2	8.000004e-01	 3.86930e-02	 3.29175e-02	 2.38976e-02	 1.24827e-02	-1.81912e-04	-1.27839e-02	-2.41381e-02	-3.31590e-02	-3.90075e-02	-4.11215e-02	-3.92925e-02	-3.37367e-02	-2.50010e-02	-1.39368e-02	-1.62293e-03	 1.07690e-02	 2.19644e-02	 3.08714e-02	 3.66247e-02	 3.86531e-02	 3.67493e-02	 3.11146e-02	 2.23009e-02	 1.11735e-02	-1.18448e-03	-1.35091e-02	-2.46350e-02	-3.34901e-02	-3.92293e-02	-4.12648e-02	-3.93717e-02	-3.37390e-02	-2.48892e-02	-1.36557e-02	-1.10686e-03	 1.15833e-02	 2.31102e-02	 3.23376e-02	 3.83592e-02	 4.05424e-02
UR 0	8.000004e-01	-2.90533e-01	-2.69524e-01	-2.40076e-01	-2.03713e-01	-1.62256e-01	-1.20377e-01	-7.85605e-02	-3.69159e-02	 3.81688e-03	 4.40628e-02	 8.27171e-02	 1.18856e-01	 1.53061e-01	 1.84983e-01	 2.15947e-01	 2.44302e-01	 2.67660e-01	 2.83561e-01	 2.91541e-01	 2.89793e-01	 2.79302e-01	 2.59363e-01	 2.31612e-01	 1.96732e-01	 1.57318e-01	 1.15934e-01	 7.52178e-02	 3.46806e-02	-5.61534e-03	-4.58214e-02	-8.40744e-02	-1.20935e-01	-1.55660e-01	-1.88501e-01	-2.20828e-01	-2.50830e-01	-2.74707e-01	-2.92166e-01	-3.01215e-01	-3.00510e-01
UR 1	8.000004e-01	 8.53475e-02	 1.23299e-01	 1.58790e-01	 1.91769e-01	 2.21614e-01	 2.49447e-01	 2.72420e-01	 2.88403e-01	 2.95549e-01	 2.94323e-01	 2.83245e-01	 2.63408e-01	 2.35421e-01	 2.01037e-01	 1.61598e-01	 1.20293e-01	 7.82383e-02	 3.67334e-02	-4.67162e-03	-4.51699e-02	-8.42601e-02	-1.21169e-01	-1.55690e-01	-1.88318e-01	-2.18713e-01	-2.46709e-01	-2.69926e-01	-2.86587e-01	-2.94707e-01	-2.93881e-01	-2.83809e-01	-2.64816e-01	-2.37360e-01	-2.03674e-01	-1.64640e-01	-1.23364e-01	-8.10645e-02	-3.93342e-02	 3.07805e-03	 4.49255e-02
UR 2	8.000004e-01	-1.27809e-02	-2.10811e-02	-2.36520e-02	-1.80924e-02	-6.06841e-03	 1.04490e-02	 1.53910e-02	 1.18196e-02	 4.86019e-03	-4.30984e-03	-1.35715e-02	-2.08171e-02	-2.46274e-02	-2.07347e-02	-5.80807e-03	 6.00851e-03	 1.26070e-02	 1.08527e-02	 3.99997e-03	-4.33560e-03	-1.27087e-02	-1.96531e-02	-2.16643e-02	-1.54416e-02	-3.66553e-03	 1.17158e-02	 1.59118e-02	 1.23064e-02	 5.15709e-03	-4.10529e-03	-1.30786e-02	-2.05197e-02	-2.41812e-02	-1.96809e-02	-4.12296e-03	 7.96276e-03	 1.42035e-02	 1.21090e-02	 5.09811e-03	-3.30287e-03
U  0	9.000013e-01	 0.00000e+00	-6.42487e-05	-2.46452e-04	-6.43727e-04	-1.31857e-03	-2.57034e-03	-4.39150e-03	-6.22206e-03	-7.72141e-03	-8.34041e-03	-8.05731e-03	-6.76541e-03	-4.89455e-03	-2.72521e-03	-1.02245e-03	-4.01497e-05	 3.20833e-04	 2.59637e-04	 1.34588e-04	 2.29418e-07	-3.83328e-05	 4.11432e-05	 2.48784e-04	 7.05985e-04	 1.51916e-03	 2.97189e-03	 4.97936e-03	 6.89543e-03	 8.39178e-03	 8.95504e-03	 8.57630e-03	 7.17016e-03	 5.16126e-03	 2.85607e-03	 1.05763e-03	 3.69752e-05	-3.51835e-04	-3.13616e-04	-1.98028e-04	-5.56050e-05
U  1	9.000013e-01	 8.98679e-03	 7.66884e-03	 5.51390e-03	 3.21239e-03	 1.17307e-03	-2.41932e-05	-4.29039e-04	-4.93532e-04	-3.66071e-04	-2.56690e-04	-1.96369e-04	-2.32602e-04	-3.99130e-04	-7.00861e-04	-1.38335e-03	-2.58686e-03	-4.21783e-03	-6.00390e-03	-7.27790e-03	-7.84752e-03	-7.39809e-03	-6.14948e-03	-4.20935e-03	-2.25620e-03	-6.69367e-04	 9.04437e-05	 1.77718e-04	 7.83089e-05	-1.16032e-04	-2.42269e-04	-2.86385e-04	-2.06527e-04	 3.65520e-05	 4.61189e-04	 1.34342e-03	 2.85037e-03	 4.83557e-03	 6.97292e-03	 8.55002e-03	 9.33779e-03
U  2	9.000013e-01	 4.20399e-02	 3.73116e-02	 2.91067e-02	 1.81873e-02	 5.65326e-03	-7.22643e-03	-1.92284e-02	-2.91810e-02	-3.61560e-02	-3.95031e-02	-3.89110e-02	-3.44966e-02	-2.67118e-02	-1.63511e-02	-4.45352e-03	 7.82337e-03	 1.91952e-02	 2.85403e-02	 3.49527e-02	 3.77933e-02	 3.67582e-02	 3.19578e-02	 2.38469e-02	 1.32203e-02	 1.09643e-03	-1.13003e-02	-2.28015e-02	-3.22907e-02	-3.88412e-02	-4.17806e-02	-4.07542e-02	-3.58607e-02	-2.75087e-02	-1.64675e-02	-3.76461e-03	 9.42008e-03	 2.17376e-02	 3.19984e-02	 3.92177e-02	 4.26623e-02
UR 0	9.000013e-01	-3.05424e-01	-2.88468e-01	-2.62836e-01	-2.29402e-01	-1.90040e-01	-1.49200e-01	-1.07547e-01	-6.58368e-02	-2.47461e-02	 1.62838e-02	 5.62806e-02	 9.41782e-02	 1.30537e-01	 1.64383e-01	 1.97392e-01	 2.27715e-01	 2.53875e-01	 2.73151e-01	 2.84855e-01	 2.87065e-01	 2.80593e-01	 2.64568e-01	 2.40521e-01	 2.08845e-01	 1.71976e-01	 1.32578e-01	 9.34081e-02	 5.38266e-02	 1.38808e-02	-2.66732e-02	-6.60505e-02	-1.04725e-01	-1.41791e-01	-1.77194e-01	-2.12326e-01	-2.45210e-01	-2.72712e-01	-2.94255e-01	-3.07582e-01	-3.11234e-01
UR 1	9.000013e-01	 6.01175e-02	 9.95625e-02	 1.37237e-01	 1.72243e-01	 2.03937e-01	 2.34435e-01	 2.60992e-01	 2.80975e-01	 2.92128e-01	 2.94910e-01	 2.87663e-01	 2.71410e-01	 2.46990e-01	 2.15218e-01	 1.77560e-01	 1.37426e-01	 9.62238e-02	 5.55259e-02	 1.47153e-02	-2.56591e-02	-6.51544e-02	-1.03013e-01	-1.38867e-01	-1.73410e-01	-2.05924e-01	-2.36778e-01	-2.63666e-01	-2.84480e-01	-2.97031e-01	-3.00739e-01	-2.95012e-01	-2.80212e-01	-2.56550e-01	-2.25819e-01	-1.88815e-01	-1.48863e-01	-1.07177e-01	-6.60183e-02	-2.37332e-02	 1.85833e-02
UR 2	9.000013e-01	-9.20937e-03	-1.85220e-02	-2.32864e-02	-2.16084e-02	-1.24915e-02	 4.40202e-03	 1.26299e-02	 1.29495e-02	 7.98103e-03	-4.18350e-04	-9.44786e-03	-1.70633e-02	-2.19278e-02	-1.99474e-02	-7.87673e-03	 3.70763e-03	 1.27267e-02	 1.26969e-02	 6.83085e-03	-1.10089e-03	-9.55630e-03	-1.69828e-02	-2.00721e-02	-1.56732e-02	-4.44963e-03	 1.21489e-02	 1.77027e-02	 1.51525e-02	 8.40248e-03	-7.90455e-04	-9.77387e-03	-1.75692e-02	-2.21650e-02	-1.91126e-02	-5.40721e-03	 7.21868e-03	 1.60005e-02	 1.53495e-02	 8.99366e-03	 7.23620e-04
U  0	1.000000e+00	 0.00000e+00	 8.27578e-05	 1.40622e-04	 7.78242e-05	-1.44652e-04	-8.95593e-04	-2.34729e-03	-4.24926e-03	-6.24260e-03	-7.60799e-03	-8.16620e-03	-7.64947e-03	-6.32323e-03	-4.35081e-03	-2.42056e-03	-8.90651e-04	-1.09460e-04	 1.01589e-04	 1.46134e-04	 8.17156e-05	 5.90376e-07	-8.09742e-05	-1.47418e-04	-1.05093e-04	 1.02794e-04	 8.78870e-04	 2.40284e-03	 4.33018e-03	 6.30347e-03	 7.63466e-03	 8.15514e-03	 7.61020e-03	 6.25514e-03	 4.26819e-03	 2.36590e-03	 9.09592e-04	 1.54648e-04	-7.11702e-05	-1.37399e-04	-8.08892e-05
U  1	1.000000e+00	 9.98506e-03	 9.44488e-03	 7.81618e-03	 5.62575e-03	 3.22240e-03	 1.37580e-03	 3.03571e-04	-1.97439e-04	-3.14986e-04	-3.12548e-04	-2.33096e-04	-1.44095e-04	-1.01189e-04	-1.19565e-04	-4.08137e-04	-1.11136e-03	-2.52321e-03	-4.49597e-03	-6.31558e-03	-7.67961e-03	-8.11762e-03	-7.68708e-03	-6.33144e-03	-4.51620e-03	-2.54304e-03	-1.12787e-03	-4.19052e-04	-1.26582e-04	-1.05924e-04	-1.47008e-04	-2.36066e-04	-3.15618e-04	-3.20334e-04	-2.06118e-04	 2.89808e-04	 1.35578e-03	 3.19893e-03	 5.60166e-03	 7.79728e-03	 9.43250e-03
U  2	1.000000e+00	 4.50249e-02	 4.29240e-02	 3.69266e-02	 2.75884e-02	 1.58476e-02	 2.85087e-03	-1.01549e-02	-2.18402e-02	-3.11043e-02	-3.70771e-02	-3.92144e-02	-3.73629e-02	-3.17494e-02	-2.29851e-02	-1.19754e-02	 1.91857e-04	 1.22643e-02	 2.30969e-02	 3.16763e-02	 3.71879e-02	 3.90934e-02	 3.72167e-02	 3.17272e-02	 2.31706e-02	 1.23464e-02	 2.82119e-04	-1.18865e-02	-2.29069e-02	-3.16823e-02	-3.73194e-02	-3.91868e-02	-3.70817e-02	-3.11422e-02	-2.19048e-02	-1.02379e-02	 2.76361e-03	 1.57632e-02	 2.75131e-02	 3.68811e-02	 4.29096e-02
UR 0	1.000000e+00	-3.16755e-01	-3.11147e-01	-2.96085e-01	-2.71870e-01	-2.40135e-01	-2.04574e-01	-1.65726e-01	-1.25487e-01	-8.53264e-02	-4.42570e-02	-2.88761e-03	 3.75528e-02	 7.74223e-02	 1.15043e-01	 1.51649e-01	 1.86306e-01	 2.19076e-01	 2.46885e-01	 2.68318e-01	 2.81400e-01	 2.86227e-01	 2.81562e-01	 2.68591e-01	 2.47074e-01	 2.19240e-01	 1.86630e-01	 1.51888e-01	 1.15475e-01	 7.77136e-02	 3.80160e-02	-2.32078e-03	-4.36007e-02	-8.46799e-02	-1.24842e-01	-1.65181e-01	-2.04062e-01	-2.39596e-01	-2.71073e-01	-2.95417e-01	-3.10927e-01
UR 1	1.000000e+00	-2.09332e-04	 4.16228e-02	 8.30012e-02	 1.22492e-01	 1.59520e-01	 1.96437e-01	 2.31150e-01	 2.60542e-01	 2.81828e-01	 2.95122e-01	 2.98517e-01	 2.92419e-01	 2.77426e-01	 2.53875e-01	 2.22946e-01	 1.87567e-01	 1.50362e-01	 1.13667e-01	 7.64534e-02	 3.86502e-02	 2.81237e-04	-3.80679e-02	-7.58604e-02	-1.13323e-01	-1.50040e-01	-1.87273e-01	-2.22617e-01	-2.53312e-01	-2.76824e-01	-2.92133e-01	-2.98328e-01	-2.95059e-01	-2.81987e-01	-2.60727e-01	-2.31514e-01	-1.97264e-01	-1.60014e-01	-1.22699e-01	-8.33393e-02	-4.22998e-02
UR 2	1.000000e+00	 1.02250e-04	-1.07394e-02	-1.84466e-02	-2.26275e-02	-1.91751e-02	-4.46039e-03	 8.15515e-03	 1.58863e-02	 1.50309e-02	 8.38754e-03	-1.30297e-04	-8.63367e-03	-1.61166e-02	-1.87439e-02	-1.35476e-02	-1.98519e-03	 1.39720e-02	 1.87695e-02	 1.56679e-02	 8.80153e-03	 5.12993e-05	-8.70657e-03	-1.55923e-02	-1.87079e-02	-1.39756e-02	 1.92261e-03	 1.34757e-02	 1.87344e-02	 1.61391e-02	 8.69387e-03	 2.53216e-04	-8.21088e-03	-1.49037e-02	-1.58095e-02	-8.18149e-03	 4.42461e-03	 1.92153e-02	 2.26570e-02	 1.85256e-02	 1.09188e-02
