    	Node label->	           1	           2	           3	           4	           5	           6	           7	           8	           9	          10	          11	          12	          13	          14	          15	          16	          17	          18	          19	          20	          21	          22	          23	          24	          25	          26	          27	          28	          29	          30	          31	          32	          33	          34	          35	          36	          37	          38	          39	          40	          41	          42	          43	          44	          45	          46	          47	          48	          49	          50	          51	          52	          53	          54	          55	          56	          57	          58	          59	          60	          61	          62	          63	          64
    	Angle ->    	 6.28319e+00	 9.81745e-02	 1.96343e-01	 2.94525e-01	 3.92698e-01	 4.90879e-01	 5.89047e-01	 6.87225e-01	 7.85398e-01	 8.83572e-01	 9.81749e-01	 1.07992e+00	 1.17810e+00	 1.27627e+00	 1.37445e+00	 1.47262e+00	 1.57080e+00	 1.66897e+00	 1.76714e+00	 1.86532e+00	 1.96349e+00	 2.06168e+00	 2.15984e+00	 2.25802e+00	 2.35619e+00	 2.45437e+00	 2.55255e+00	 2.65071e+00	 2.74889e+00	 2.84707e+00	 2.94525e+00	 3.04342e+00	 3.14159e+00	 3.23977e+00	 3.33794e+00	 3.43612e+00	 3.53429e+00	 3.63247e+00	 3.73064e+00	 3.82882e+00	 3.92699e+00	 4.02516e+00	 4.12334e+00	 4.22151e+00	 4.31969e+00	 4.41786e+00	 4.51605e+00	 4.61421e+00	 4.71239e+00	 4.81056e+00	 4.90873e+00	 5.00691e+00	 5.10509e+00	 5.20327e+00	 5.30144e+00	 5.39961e+00	 5.49779e+00	 5.59596e+00	 5.69414e+00	 5.79231e+00	 5.89049e+00	 5.98866e+00	 6.08684e+00	 6.18501e+00
DOF 	DOF        
U  0	0.000000e+00	 0.00000e+00	 0.00000e+00	 0.00000e+00	 0.00000e+00	 0.00000e+00	 0.00000e+00	 0.00000e+00	 0.00000e+00	 0.00000e+00	 0.00000e+00	 0.00000e+00	 0.00000e+00	 0.00000e+00	 0.00000e+00	 0.00000e+00	 0.00000e+00	 0.00000e+00	 0.00000e+00	 0.00000e+00	 0.00000e+00	 0.00000e+00	 0.00000e+00	 0.00000e+00	 0.00000e+00	 0.00000e+00	 0.00000e+00	 0.00000e+00	 0.00000e+00	 0.00000e+00	 0.00000e+00	 0.00000e+00	 0.00000e+00	 0.00000e+00	 0.00000e+00	 0.00000e+00	 0.00000e+00	 0.00000e+00	 0.00000e+00	 0.00000e+00	 0.00000e+00	 0.00000e+00	 0.00000e+00	 0.00000e+00	 0.00000e+00	 0.00000e+00	 0.00000e+00	 0.00000e+00	 0.00000e+00	 0.00000e+00	 0.00000e+00	 0.00000e+00	 0.00000e+00	 0.00000e+00	 0.00000e+00	 0.00000e+00	 0.00000e+00	 0.00000e+00	 0.00000e+00	 0.00000e+00	 0.00000e+00	 0.00000e+00	 0.00000e+00	 0.00000e+00	 0.00000e+00
U  1	0.000000e+00	 0.00000e+00	 0.00000e+00	 0.00000e+00	 0.00000e+00	 0.00000e+00	 0.00000e+00	 0.00000e+00	 0.00000e+00	 0.00000e+00	 0.00000e+00	 0.00000e+00	 0.00000e+00	 0.00000e+00	 0.00000e+00	 0.00000e+00	 0.00000e+00	 0.00000e+00	 0.00000e+00	 0.00000e+00	 0.00000e+00	 0.00000e+00	 0.00000e+00	 0.00000e+00	 0.00000e+00	 0.00000e+00	 0.00000e+00	 0.00000e+00	 0.00000e+00	 0.00000e+00	 0.00000e+00	 0.00000e+00	 0.00000e+00	 0.00000e+00	 0.00000e+00	 0.00000e+00	 0.00000e+00	 0.00000e+00	 0.00000e+00	 0.00000e+00	 0.00000e+00	 0.00000e+00	 0.00000e+00	 0.00000e+00	 0.00000e+00	 0.00000e+00	 0.00000e+00	 0.00000e+00	 0.00000e+00	 0.00000e+00	 0.00000e+00	 0.00000e+00	 0.00000e+00	 0.00000e+00	 0.00000e+00	 0.00000e+00	 0.00000e+00	 0.00000e+00	 0.00000e+00	 0.00000e+00	 0.00000e+00	 0.00000e+00	 0.00000e+00	 0.00000e+00	 0.00000e+00
U  2	0.000000e+00	 0.00000e+00	 0.00000e+00	 0.00000e+00	 0.00000e+00	 0.00000e+00	 0.00000e+00	 0.00000e+00	 0.00000e+00	 0.00000e+00	 0.00000e+00	 0.00000e+00	 0.00000e+00	 0.00000e+00	 0.00000e+00	 0.00000e+00	 0.00000e+00	 0.00000e+00	 0.00000e+00	 0.00000e+00	 0.00000e+00	 0.00000e+00	 0.00000e+00	 0.00000e+00	 0.00000e+00	 0.00000e+00	 0.00000e+00	 0.00000e+00	 0.00000e+00	 0.00000e+00	 0.00000e+00	 0.00000e+00	 0.00000e+00	 0.00000e+00	 0.00000e+00	 0.00000e+00	 0.00000e+00	 0.00000e+00	 0.00000e+00	 0.00000e+00	 0.00000e+00	 0.00000e+00	 0.00000e+00	 0.00000e+00	 0.00000e+00	 0.00000e+00	 0.00000e+00	 0.00000e+00	 0.00000e+00	 0.00000e+00	 0.00000e+00	 0.00000e+00	 0.00000e+00	 0.00000e+00	 0.00000e+00	 0.00000e+00	 0.00000e+00	 0.00000e+00	 0.00000e+00	 0.00000e+00	 0.00000e+00	 0.00000e+00	 0.00000e+00	 0.00000e+00	 0.00000e+00
UR 0	0.000000e+00	 0.00000e+00	 0.00000e+00	 0.00000e+00	 0.00000e+00	 0.00000e+00	 0.00000e+00	 0.00000e+00	 0.00000e+00	 0.00000e+00	 0.00000e+00	 0.00000e+00	 0.00000e+00	 0.00000e+00	 0.00000e+00	 0.00000e+00	 0.00000e+00	 0.00000e+00	 0.00000e+00	 0.00000e+00	 0.00000e+00	 0.00000e+00	 0.00000e+00	 0.00000e+00	 0.00000e+00	 0.00000e+00	 0.00000e+00	 0.00000e+00	 0.00000e+00	 0.00000e+00	 0.00000e+00	 0.00000e+00	 0.00000e+00	 0.00000e+00	 0.00000e+00	 0.00000e+00	 0.00000e+00	 0.00000e+00	 0.00000e+00	 0.00000e+00	 0.00000e+00	 0.00000e+00	 0.00000e+00	 0.00000e+00	 0.00000e+00	 0.00000e+00	 0.00000e+00	 0.00000e+00	 0.00000e+00	 0.00000e+00	 0.00000e+00	 0.00000e+00	 0.00000e+00	 0.00000e+00	 0.00000e+00	 0.00000e+00	 0.00000e+00	 0.00000e+00	 0.00000e+00	 0.00000e+00	 0.00000e+00	 0.00000e+00	 0.00000e+00	 0.00000e+00	 0.00000e+00
UR 1	0.000000e+00	 0.00000e+00	 0.00000e+00	 0.00000e+00	 0.00000e+00	 0.00000e+00	 0.00000e+00	 0.00000e+00	 0.00000e+00	 0.00000e+00	 0.00000e+00	 0.00000e+00	 0.00000e+00	 0.00000e+00	 0.00000e+00	 0.00000e+00	 0.00000e+00	 0.00000e+00	 0.00000e+00	 0.00000e+00	 0.00000e+00	 0.00000e+00	 0.00000e+00	 0.00000e+00	 0.00000e+00	 0.00000e+00	 0.00000e+00	 0.00000e+00	 0.00000e+00	 0.00000e+00	 0.00000e+00	 0.00000e+00	 0.00000e+00	 0.00000e+00	 0.00000e+00	 0.00000e+00	 0.00000e+00	 0.00000e+00	 0.00000e+00	 0.00000e+00	 0.00000e+00	 0.00000e+00	 0.00000e+00	 0.00000e+00	 0.00000e+00	 0.00000e+00	 0.00000e+00	 0.00000e+00	 0.00000e+00	 0.00000e+00	 0.00000e+00	 0.00000e+00	 0.00000e+00	 0.00000e+00	 0.00000e+00	 0.00000e+00	 0.00000e+00	 0.00000e+00	 0.00000e+00	 0.00000e+00	 0.00000e+00	 0.00000e+00	 0.00000e+00	 0.00000e+00	 0.00000e+00
UR 2	0.000000e+00	 0.00000e+00	 0.00000e+00	 0.00000e+00	 0.00000e+00	 0.00000e+00	 0.00000e+00	 0.00000e+00	 0.00000e+00	 0.00000e+00	 0.00000e+00	 0.00000e+00	 0.00000e+00	 0.00000e+00	 0.00000e+00	 0.00000e+00	 0.00000e+00	 0.00000e+00	 0.00000e+00	 0.00000e+00	 0.00000e+00	 0.00000e+00	 0.00000e+00	 0.00000e+00	 0.00000e+00	 0.00000e+00	 0.00000e+00	 0.00000e+00	 0.00000e+00	 0.00000e+00	 0.00000e+00	 0.00000e+00	 0.00000e+00	 0.00000e+00	 0.00000e+00	 0.00000e+00	 0.00000e+00	 0.00000e+00	 0.00000e+00	 0.00000e+00	 0.00000e+00	 0.00000e+00	 0.00000e+00	 0.00000e+00	 0.00000e+00	 0.00000e+00	 0.00000e+00	 0.00000e+00	 0.00000e+00	 0.00000e+00	 0.00000e+00	 0.00000e+00	 0.00000e+00	 0.00000e+00	 0.00000e+00	 0.00000e+00	 0.00000e+00	 0.00000e+00	 0.00000e+00	 0.00000e+00	 0.00000e+00	 0.00000e+00	 0.00000e+00	 0.00000e+00	 0.00000e+00
U  0	1.000009e-01	 0.00000e+00	 1.85401e-05	 1.03789e-04	 1.78766e-04	 2.00941e-04	 1.84823e-04	 1.58245e-04	 1.36503e-04	 1.21819e-04	 1.10970e-04	 1.00911e-04	 9.03386e-05	 7.93635e-05	 6.82482e-05	 5.75153e-05	 4.73928e-05	 3.78939e-05	 2.92830e-05	 2.14391e-05	 1.45279e-05	 8.59031e-06	 3.52098e-06	-4.88832e-07	-3.59311e-06	-5.79404e-06	-7.13796e-06	-7.69304e-06	-7.54180e-06	-6.78391e-06	-5.54232e-06	-3.90986e-06	-2.01600e-06	 5.20145e-10	 2.01712e-06	 3.91107e-06	 5.54234e-06	 6.78218e-06	 7.55867e-06	 7.68472e-06	 7.13048e-06	 5.79564e-06	 3.60069e-06	 4.95089e-07	-3.52850e-06	-8.59031e-06	-1.45279e-05	-2.14406e-05	-2.92838e-05	-3.78949e-05	-4.73936e-05	-5.75146e-05	-6.82505e-05	-7.93621e-05	-9.03366e-05	-1.00918e-04	-1.10967e-04	-1.21817e-04	-1.36505e-04	-1.58249e-04	-1.84819e-04	-2.00941e-04	-1.78765e-04	-1.03789e-04	-1.85401e-05
U  1	1.000009e-01	 1.40360e-03	 9.55968e-04	 3.44709e-04	 3.28475e-05	-3.55599e-05	-6.32081e-06	 3.40234e-05	 5.99189e-05	 7.30817e-05	 8.01671e-05	 8.50891e-05	 8.90506e-05	 9.19886e-05	 9.38001e-05	 9.43879e-05	 9.38287e-05	 9.22542e-05	 8.97900e-05	 8.65660e-05	 8.27340e-05	 7.84473e-05	 7.37970e-05	 6.90203e-05	 6.41842e-05	 5.94400e-05	 5.49253e-05	 5.07558e-05	 4.70448e-05	 4.38814e-05	 4.13040e-05	 3.94398e-05	 3.83342e-05	 3.79006e-05	 3.83340e-05	 3.94396e-05	 4.13085e-05	 4.38904e-05	 4.70143e-05	 5.07673e-05	 5.49358e-05	 5.94404e-05	 6.41795e-05	 6.90167e-05	 7.38017e-05	 7.84487e-05	 8.27354e-05	 8.65675e-05	 8.97916e-05	 9.22558e-05	 9.38303e-05	 9.43895e-05	 9.38011e-05	 9.19906e-05	 8.90536e-05	 8.50857e-05	 8.01718e-05	 7.30850e-05	 5.99192e-05	 3.40194e-05	-6.31241e-06	-3.55579e-05	 3.28487e-05	 3.44708e-04	 9.55959e-04
U  2	1.000009e-01	-2.81471e-05	-2.71928e-05	-2.44458e-05	-2.01914e-05	-1.49447e-05	-9.25264e-06	-3.58714e-06	 1.63821e-06	 6.06402e-06	 9.42349e-06	 1.15332e-05	 1.23248e-05	 1.18271e-05	 1.01676e-05	 7.55896e-06	 4.27734e-06	 6.40040e-07	-3.01818e-06	-6.37273e-06	-9.13517e-06	-1.10738e-05	-1.20313e-05	-1.19373e-05	-1.08126e-05	-8.76339e-06	-5.97689e-06	-2.69874e-06	 7.83082e-07	 4.16671e-06	 7.15780e-06	 9.49957e-06	 1.09899e-05	 1.15011e-05	 1.09898e-05	 9.49990e-06	 7.15928e-06	 4.17002e-06	 7.88506e-07	-2.69132e-06	-5.96783e-06	-8.75319e-06	-1.08017e-05	-1.19266e-05	-1.20213e-05	-1.10648e-05	-9.12810e-06	-6.36740e-06	-3.01482e-06	 6.41385e-07	 4.27679e-06	 7.55718e-06	 1.01650e-05	 1.18250e-05	 1.23230e-05	 1.15329e-05	 9.42466e-06	 6.06662e-06	 1.64194e-06	-3.58262e-06	-9.24782e-06	-1.49400e-05	-2.01873e-05	-2.44428e-05	-2.71912e-05
UR 0	1.000009e-01	-1.86509e-04	-1.73002e-04	-1.40557e-04	-1.09833e-04	-8.65195e-05	-7.08470e-05	-6.18060e-05	-5.77293e-05	-5.69941e-05	-5.84112e-05	-6.08930e-05	-6.35671e-05	-6.57725e-05	-6.70392e-05	-6.70593e-05	-6.56494e-05	-6.27190e-05	-5.82467e-05	-5.22651e-05	-4.48475e-05	-3.61061e-05	-2.61921e-05	-1.53086e-05	-3.71520e-06	 8.28604e-06	 2.03140e-05	 3.19765e-05	 4.28287e-05	 5.24439e-05	 6.03977e-05	 6.63561e-05	 7.00499e-05	 7.12992e-05	 7.00468e-05	 6.63488e-05	 6.03895e-05	 5.24373e-05	 4.28265e-05	 3.19778e-05	 2.03217e-05	 8.30066e-06	-3.69458e-06	-1.52826e-05	-2.61616e-05	-3.60751e-05	-4.48162e-05	-5.22335e-05	-5.82136e-05	-6.26859e-05	-6.56193e-05	-6.70348e-05	-6.70230e-05	-6.57627e-05	-6.35639e-05	-6.08949e-05	-5.84147e-05	-5.69964e-05	-5.77292e-05	-6.17999e-05	-7.08279e-05	-8.64892e-05	-1.09796e-04	-1.40524e-04	-1.72987e-04
UR 1	1.000009e-01	 1.39935e-08	-4.85165e-05	-8.97313e-05	-1.19743e-04	-1.38345e-04	-1.49012e-04	-1.54125e-04	-1.54790e-04	-1.51602e-04	-1.45148e-04	-1.35839e-04	-1.24037e-04	-1.10081e-04	-9.43513e-05	-7.72929e-05	-5.94165e-05	-4.12828e-05	-2.34789e-05	-6.59941e-06	 8.81585e-06	 2.22760e-05	 3.33946e-05	 4.19004e-05	 4.76497e-05	 5.06035e-05	 5.08615e-05	 4.86015e-05	 4.40902e-05	 3.76430e-05	 2.96232e-05	 2.04093e-05	 1.04027e-05	-3.00240e-10	-1.03997e-05	-2.03979e-05	-2.96003e-05	-3.76098e-05	-4.40510e-05	-4.85627e-05	-5.08237e-05	-5.05678e-05	-4.76180e-05	-4.18757e-05	-3.33763e-05	-2.22647e-05	-8.81213e-06	 6.59320e-06	 2.34658e-05	 4.12608e-05	 5.93893e-05	 7.72597e-05	 9.43126e-05	 1.10040e-04	 1.23995e-04	 1.35798e-04	 1.45111e-04	 1.51571e-04	 1.54768e-04	 1.54111e-04	 1.49000e-04	 1.38339e-04	 1.19747e-04	 8.97460e-05	 4.85409e-05
UR 2	1.000009e-01	 3.44931e-09	-1.19740e-02	-8.29256e-03	-2.87146e-03	 7.51980e-05	 8.67833e-04	 7.24975e-04	 4.31876e-04	 2.53387e-04	 1.91699e-04	 1.85597e-04	 1.90485e-04	 1.90626e-04	 1.84297e-04	 1.74495e-04	 1.64057e-04	 1.54000e-04	 1.44237e-04	 1.34526e-04	 1.24706e-04	 1.15087e-04	 1.05755e-04	 9.60508e-05	 8.65998e-05	 7.68726e-05	 6.72186e-05	 5.78326e-05	 4.79486e-05	 3.84230e-05	 2.88759e-05	 1.90897e-05	 9.46595e-06	 1.78813e-08	-9.43187e-06	-1.90851e-05	-2.89132e-05	-3.84775e-05	-4.78845e-05	-5.76957e-05	-6.72512e-05	-7.70399e-05	-8.66979e-05	-9.60044e-05	-1.05655e-04	-1.15029e-04	-1.24676e-04	-1.34501e-04	-1.44218e-04	-1.53971e-04	-1.64017e-04	-1.74454e-04	-1.84294e-04	-1.90617e-04	-1.90428e-04	-1.85560e-04	-1.91693e-04	-2.53377e-04	-4.31889e-04	-7.24993e-04	-8.67820e-04	-7.51777e-05	 2.87147e-03	 8.29260e-03	 1.19741e-02
U  0	2.000018e-01	 0.00000e+00	 3.39228e-05	 1.98331e-04	 3.46814e-04	 3.91148e-04	 3.59053e-04	 3.06212e-04	 2.63345e-04	 2.34770e-04	 2.13952e-04	 1.94692e-04	 1.74407e-04	 1.53207e-04	 1.31785e-04	 1.11063e-04	 9.14990e-05	 7.32171e-05	 5.65543e-05	 4.14405e-05	 2.81034e-05	 1.66170e-05	 6.88145e-06	-8.95432e-07	-6.88637e-06	-1.11377e-05	-1.37273e-05	-1.48048e-05	-1.45219e-05	-1.30682e-05	-1.06725e-05	-7.52963e-06	-3.88603e-06	 3.86094e-10	 3.88684e-06	 7.53042e-06	 1.06723e-05	 1.30666e-05	 1.45383e-05	 1.47960e-05	 1.37195e-05	 1.11387e-05	 6.89370e-06	 9.00981e-07	-6.89037e-06	-1.66166e-05	-2.81019e-05	-4.14419e-05	-5.65552e-05	-7.32193e-05	-9.15006e-05	-1.11063e-04	-1.31788e-04	-1.53207e-04	-1.74405e-04	-1.94697e-04	-2.13948e-04	-2.34768e-04	-2.63344e-04	-3.06214e-04	-3.59045e-04	-3.91147e-04	-3.46817e-04	-1.98329e-04	-3.39227e-05
U  1	2.000018e-01	 2.80542e-03	 1.91117e-03	 6.86653e-04	 6.21636e-05	-7.44375e-05	-1.59369e-05	 6.44381e-05	 1.15613e-04	 1.41275e-04	 1.54849e-04	 1.64243e-04	 1.71824e-04	 1.77510e-04	 1.81002e-04	 1.82144e-04	 1.81075e-04	 1.78039e-04	 1.73287e-04	 1.67075e-04	 1.59686e-04	 1.51411e-04	 1.42467e-04	 1.33234e-04	 1.23909e-04	 1.14759e-04	 1.06062e-04	 9.80175e-05	 9.08541e-05	 8.47464e-05	 7.97927e-05	 7.61949e-05	 7.40355e-05	 7.32472e-05	 7.40338e-05	 7.61934e-05	 7.97960e-05	 8.47536e-05	 9.08231e-05	 9.80283e-05	 1.06071e-04	 1.14760e-04	 1.23904e-04	 1.33230e-04	 1.42472e-04	 1.51412e-04	 1.59687e-04	 1.67076e-04	 1.73288e-04	 1.78041e-04	 1.81076e-04	 1.82145e-04	 1.81003e-04	 1.77511e-04	 1.71827e-04	 1.64240e-04	 1.54854e-04	 1.41279e-04	 1.15613e-04	 6.44338e-05	-1.59282e-05	-7.44359e-05	 6.21636e-05	 6.86655e-04	 1.91115e-03
U  2	2.000018e-01	-7.22258e-05	-6.97210e-05	-6.25122e-05	-5.13506e-05	-3.77205e-05	-2.31625e-05	-8.89764e-06	 4.06148e-06	 1.48735e-05	 2.29500e-05	 2.79258e-05	 2.97082e-05	 2.84375e-05	 2.44716e-05	 1.83481e-05	 1.07339e-05	 2.37047e-06	-5.97929e-06	-1.35901e-05	-1.98287e-05	-2.41957e-05	-2.63633e-05	-2.61951e-05	-2.37532e-05	-1.92856e-05	-1.32113e-05	-6.07280e-06	 1.49993e-06	 8.85071e-06	 1.53426e-05	 2.04217e-05	 2.36530e-05	 2.47594e-05	 2.36484e-05	 2.04165e-05	 1.53369e-05	 8.84555e-06	 1.49657e-06	-6.07365e-06	-1.32090e-05	-1.92798e-05	-2.37443e-05	-2.61834e-05	-2.63509e-05	-2.41816e-05	-1.98141e-05	-1.35765e-05	-5.96715e-06	 2.38071e-06	 1.07420e-05	 1.83547e-05	 2.44759e-05	 2.84412e-05	 2.97116e-05	 2.79289e-05	 2.29527e-05	 1.48758e-05	 4.06371e-06	-8.89562e-06	-2.31610e-05	-3.77185e-05	-5.13494e-05	-6.25111e-05	-6.97221e-05
UR 0	2.000018e-01	-3.24078e-04	-3.00008e-04	-2.39667e-04	-1.86576e-04	-1.48646e-04	-1.25492e-04	-1.15557e-04	-1.15096e-04	-1.20200e-04	-1.28501e-04	-1.37665e-04	-1.45917e-04	-1.52010e-04	-1.55141e-04	-1.54873e-04	-1.51039e-04	-1.43643e-04	-1.32802e-04	-1.18709e-04	-1.01603e-04	-8.17879e-05	-5.96146e-05	-3.55310e-05	-1.00850e-05	 1.60929e-05	 4.22102e-05	 6.74350e-05	 9.08514e-05	 1.11560e-04	 1.28668e-04	 1.41472e-04	 1.49406e-04	 1.52087e-04	 1.49390e-04	 1.41442e-04	 1.28628e-04	 1.11518e-04	 9.08074e-05	 6.73897e-05	 4.21663e-05	 1.60570e-05	-1.01075e-05	-3.55414e-05	-5.96130e-05	-8.17797e-05	-1.01587e-04	-1.18684e-04	-1.32773e-04	-1.43610e-04	-1.51006e-04	-1.54841e-04	-1.55113e-04	-1.51984e-04	-1.45893e-04	-1.37638e-04	-1.28470e-04	-1.20163e-04	-1.15048e-04	-1.15494e-04	-1.25400e-04	-1.48532e-04	-1.86452e-04	-2.39560e-04	-2.99952e-04
UR 1	2.000018e-01	 2.35397e-09	-1.10855e-04	-2.08778e-04	-2.82189e-04	-3.25625e-04	-3.48931e-04	-3.59026e-04	-3.58751e-04	-3.49412e-04	-3.32747e-04	-3.09785e-04	-2.81419e-04	-2.48460e-04	-2.11804e-04	-1.72471e-04	-1.31621e-04	-9.05058e-05	-5.04341e-05	-1.27047e-05	 2.15199e-05	 5.11960e-05	 7.55139e-05	 9.39402e-05	 1.06217e-04	 1.12316e-04	 1.12502e-04	 1.07207e-04	 9.70327e-05	 8.26924e-05	 6.49866e-05	 4.47301e-05	 2.27769e-05	-2.41021e-08	-2.28203e-05	-4.47606e-05	-6.50013e-05	-8.26906e-05	-9.70145e-05	-1.07178e-04	-1.12466e-04	-1.12273e-04	-1.06164e-04	-9.38889e-05	-7.54625e-05	-5.11505e-05	-2.14824e-05	 1.27310e-05	 5.04497e-05	 9.05093e-05	 1.31615e-04	 1.72458e-04	 2.11782e-04	 2.48434e-04	 2.81389e-04	 3.09750e-04	 3.32711e-04	 3.49376e-04	 3.58719e-04	 3.58991e-04	 3.48888e-04	 3.25586e-04	 2.82160e-04	 2.08760e-04	 1.10853e-04
UR 2	2.000018e-01	-3.33881e-08	-2.39683e-02	-1.66007e-02	-5.74200e-03	 1.53935e-04	 1.73210e-03	 1.43810e-03	 8.46876e-04	 4.88702e-04	 3.66327e-04	 3.55524e-04	 3.66526e-04	 3.67648e-04	 3.55704e-04	 3.36817e-04	 3.16670e-04	 2.97143e-04	 2.78308e-04	 2.59646e-04	 2.40705e-04	 2.22292e-04	 2.04147e-04	 1.85283e-04	 1.67106e-04	 1.48356e-04	 1.29683e-04	 1.11567e-04	 9.25231e-05	 7.41928e-05	 5.57506e-05	 3.68500e-05	 1.83340e-05	 2.79793e-08	-1.83225e-05	-3.68751e-05	-5.57930e-05	-7.42805e-05	-9.24892e-05	-1.11441e-04	-1.29743e-04	-1.48544e-04	-1.67217e-04	-1.85283e-04	-2.04051e-04	-2.22208e-04	-2.40709e-04	-2.59660e-04	-2.78321e-04	-2.97133e-04	-3.16642e-04	-3.36807e-04	-3.55715e-04	-3.67632e-04	-3.66469e-04	-3.55514e-04	-3.66343e-04	-4.88724e-04	-8.46909e-04	-1.43814e-03	-1.73212e-03	-1.53942e-04	 5.74206e-03	 1.66007e-02	 2.39684e-02
U  0	3.000027e-01	 0.00000e+00	 4.61454e-05	 2.83543e-04	 5.04030e-04	 5.70540e-04	 5.22608e-04	 4.43863e-04	 3.80492e-04	 3.38823e-04	 3.08891e-04	 2.81278e-04	 2.52104e-04	 2.21476e-04	 1.90518e-04	 1.60554e-04	 1.32260e-04	 1.05858e-04	 8.17484e-05	 5.99170e-05	 4.06377e-05	 2.40238e-05	 9.97709e-06	-1.28246e-06	-9.93911e-06	-1.60833e-05	-1.98242e-05	-2.13839e-05	-2.09773e-05	-1.88798e-05	-1.54164e-05	-1.08774e-05	-5.61675e-06	-1.94319e-09	 5.61285e-06	 1.08737e-05	 1.54115e-05	 1.88744e-05	 2.09904e-05	 2.13727e-05	 1.98140e-05	 1.60821e-05	 9.94424e-06	 1.28415e-06	-9.99034e-06	-2.40284e-05	-4.06402e-05	-5.99200e-05	-8.17483e-05	-1.05858e-04	-1.32259e-04	-1.60553e-04	-1.90522e-04	-2.21477e-04	-2.52100e-04	-2.81283e-04	-3.08886e-04	-3.38822e-04	-3.80491e-04	-4.43861e-04	-5.22598e-04	-5.70543e-04	-5.04039e-04	-2.83541e-04	-4.61453e-05
U  1	3.000027e-01	 4.20546e-03	 2.86552e-03	 1.02613e-03	 8.82762e-05	-1.16412e-04	-2.86815e-05	 9.13156e-05	 1.67129e-04	 2.04614e-04	 2.24088e-04	 2.37497e-04	 2.48371e-04	 2.56583e-04	 2.61629e-04	 2.63282e-04	 2.61738e-04	 2.57348e-04	 2.50476e-04	 2.41499e-04	 2.30820e-04	 2.18857e-04	 2.05944e-04	 1.92591e-04	 1.79120e-04	 1.65899e-04	 1.53332e-04	 1.41705e-04	 1.31351e-04	 1.22520e-04	 1.15369e-04	 1.10166e-04	 1.07031e-04	 1.05918e-04	 1.07030e-04	 1.10165e-04	 1.15372e-04	 1.22524e-04	 1.31316e-04	 1.41711e-04	 1.53336e-04	 1.65893e-04	 1.79108e-04	 1.92582e-04	 2.05945e-04	 2.18854e-04	 2.30817e-04	 2.41495e-04	 2.50472e-04	 2.57343e-04	 2.61734e-04	 2.63278e-04	 2.61624e-04	 2.56578e-04	 2.48368e-04	 2.37489e-04	 2.24088e-04	 2.04613e-04	 1.67125e-04	 9.13073e-05	-2.86757e-05	-1.16416e-04	 8.82686e-05	 1.02613e-03	 2.86550e-03
U  2	3.000027e-01	-1.59836e-04	-1.54222e-04	-1.37921e-04	-1.12769e-04	-8.24013e-05	-5.04650e-05	-1.97142e-05	 7.71087e-06	 3.01574e-05	 4.65798e-05	 5.64442e-05	 5.97845e-05	 5.70925e-05	 4.92404e-05	 3.74016e-05	 2.29338e-05	 7.26835e-06	-8.17816e-06	-2.21099e-05	-3.34351e-05	-4.13270e-05	-4.52753e-05	-4.51067e-05	-4.09890e-05	-3.33962e-05	-2.30787e-05	-1.09808e-05	 1.82106e-06	 1.42192e-05	 2.51484e-05	 3.36852e-05	 3.91110e-05	 4.09703e-05	 3.91052e-05	 3.36784e-05	 2.51385e-05	 1.42075e-05	 1.80706e-06	-1.09975e-05	-2.30982e-05	-3.34183e-05	-4.10139e-05	-4.51319e-05	-4.52997e-05	-4.13450e-05	-3.34447e-05	-2.21114e-05	-8.17018e-06	 7.28534e-06	 2.29573e-05	 3.74333e-05	 4.92718e-05	 5.71237e-05	 5.98150e-05	 5.64671e-05	 4.65950e-05	 3.01643e-05	 7.71028e-06	-1.97209e-05	-5.04763e-05	-8.24123e-05	-1.12782e-04	-1.37930e-04	-1.54221e-04
UR 0	3.000027e-01	-2.91888e-04	-2.66184e-04	-1.93144e-04	-1.41883e-04	-1.16009e-04	-1.12166e-04	-1.27778e-04	-1.55410e-04	-1.87453e-04	-2.20063e-04	-2.49171e-04	-2.72080e-04	-2.87256e-04	-2.94090e-04	-2.92653e-04	-2.83478e-04	-2.67297e-04	-2.44920e-04	-2.17148e-04	-1.84704e-04	-1.48295e-04	-1.08582e-04	-6.63299e-05	-2.23882e-05	 2.22734e-05	 6.64606e-05	 1.08873e-04	 1.48078e-04	 1.82638e-04	 2.11143e-04	 2.32446e-04	 2.45642e-04	 2.50097e-04	 2.45622e-04	 2.32422e-04	 2.11107e-04	 1.82604e-04	 1.48046e-04	 1.08842e-04	 6.64260e-05	 2.22285e-05	-2.24552e-05	-6.64170e-05	-1.08695e-04	-1.48430e-04	-1.84866e-04	-2.17313e-04	-2.45081e-04	-2.67434e-04	-2.83590e-04	-2.92738e-04	-2.94143e-04	-2.87276e-04	-2.72062e-04	-2.49112e-04	-2.19970e-04	-1.87327e-04	-1.55265e-04	-1.27615e-04	-1.11980e-04	-1.15820e-04	-1.41713e-04	-1.93107e-04	-2.66161e-04
UR 1	3.000027e-01	-3.55163e-08	-2.11882e-04	-4.03618e-04	-5.48947e-04	-6.31401e-04	-6.72260e-04	-6.86757e-04	-6.81084e-04	-6.58039e-04	-6.21750e-04	-5.74426e-04	-5.17896e-04	-4.53788e-04	-3.83816e-04	-3.09895e-04	-2.34141e-04	-1.58827e-04	-8.62776e-05	-1.87544e-05	 4.17741e-05	 9.35929e-05	 1.35422e-04	 1.66534e-04	 1.86670e-04	 1.95994e-04	 1.95127e-04	 1.84972e-04	 1.66679e-04	 1.41532e-04	 1.10910e-04	 7.61832e-05	 3.87478e-05	-3.71169e-08	-3.88160e-05	-7.62381e-05	-1.10957e-04	-1.41581e-04	-1.66739e-04	-1.85051e-04	-1.95222e-04	-1.96103e-04	-1.86782e-04	-1.66641e-04	-1.35514e-04	-9.36563e-05	-4.18110e-05	 1.87510e-05	 8.63035e-05	 1.58883e-04	 2.34227e-04	 3.10000e-04	 3.83932e-04	 4.53904e-04	 5.18012e-04	 5.74530e-04	 6.21847e-04	 6.58107e-04	 6.81123e-04	 6.86758e-04	 6.72216e-04	 6.31331e-04	 5.48858e-04	 4.03538e-04	 2.11807e-04
UR 2	3.000027e-01	 2.38955e-07	-3.59787e-02	-2.49223e-02	-8.61232e-03	 2.34420e-04	 2.59118e-03	 2.13858e-03	 1.24491e-03	 7.06063e-04	 5.23984e-04	 5.09986e-04	 5.28283e-04	 5.31298e-04	 5.14421e-04	 4.87024e-04	 4.57802e-04	 4.29555e-04	 4.02284e-04	 3.75304e-04	 3.47988e-04	 3.21347e-04	 2.95111e-04	 2.67783e-04	 2.41482e-04	 2.14456e-04	 1.87487e-04	 1.61239e-04	 1.33738e-04	 1.07287e-04	 8.06116e-05	 5.33309e-05	 2.65299e-05	 3.85077e-08	-2.64980e-05	-5.33445e-05	-8.06172e-05	-1.07327e-04	-1.33663e-04	-1.61083e-04	-1.87535e-04	-2.14621e-04	-2.41608e-04	-2.67798e-04	-2.95021e-04	-3.21250e-04	-3.47938e-04	-3.75279e-04	-4.02259e-04	-4.29520e-04	-4.57786e-04	-4.87034e-04	-5.14430e-04	-5.31278e-04	-5.28209e-04	-5.09951e-04	-5.23989e-04	-7.06066e-04	-1.24494e-03	-2.13863e-03	-2.59123e-03	-2.34470e-04	 8.61228e-03	 2.49224e-02	 3.59788e-02
U  0	4.000006e-01	 0.00000e+00	 5.51957e-05	 3.59352e-04	 6.50339e-04	 7.39018e-04	 6.75427e-04	 5.71151e-04	 4.87898e-04	 4.33922e-04	 3.95718e-04	 3.60608e-04	 3.23372e-04	 2.84120e-04	 2.44406e-04	 2.05949e-04	 1.69636e-04	 1.35785e-04	 1.04847e-04	 7.68543e-05	 5.21231e-05	 3.08036e-05	 1.28016e-05	-1.65543e-06	-1.27596e-05	-2.06380e-05	-2.54313e-05	-2.74289e-05	-2.69051e-05	-2.42141e-05	-1.97684e-05	-1.39475e-05	-7.20280e-06	-2.39970e-09	 7.19786e-06	 1.39430e-05	 1.97631e-05	 2.42073e-05	 2.69179e-05	 2.74168e-05	 2.54195e-05	 2.06332e-05	 1.27595e-05	 1.65330e-06	-1.28164e-05	-3.08083e-05	-5.21247e-05	-7.68555e-05	-1.04845e-04	-1.35782e-04	-1.69635e-04	-2.05948e-04	-2.44411e-04	-2.84121e-04	-3.23369e-04	-3.60614e-04	-3.95715e-04	-4.33922e-04	-4.87901e-04	-5.71147e-04	-6.75415e-04	-7.39025e-04	-6.50350e-04	-3.59347e-04	-5.51955e-05
U  1	4.000006e-01	 5.60545e-03	 3.81940e-03	 1.36342e-03	 1.11476e-04	-1.61284e-04	-4.44735e-05	 1.14650e-04	 2.14431e-04	 2.63053e-04	 2.87840e-04	 3.04811e-04	 3.18646e-04	 3.29163e-04	 3.35633e-04	 3.37752e-04	 3.35765e-04	 3.30123e-04	 3.21299e-04	 3.09780e-04	 2.96078e-04	 2.80729e-04	 2.64173e-04	 2.47039e-04	 2.29761e-04	 2.12805e-04	 1.96691e-04	 1.81778e-04	 1.68496e-04	 1.57167e-04	 1.48001e-04	 1.41325e-04	 1.37295e-04	 1.35884e-04	 1.37295e-04	 1.41322e-04	 1.48001e-04	 1.57170e-04	 1.68460e-04	 1.81783e-04	 1.96694e-04	 2.12802e-04	 2.29754e-04	 2.47033e-04	 2.64176e-04	 2.80726e-04	 2.96075e-04	 3.09776e-04	 3.21296e-04	 3.30120e-04	 3.35762e-04	 3.37749e-04	 3.35627e-04	 3.29158e-04	 3.18643e-04	 3.04802e-04	 2.87840e-04	 2.63052e-04	 2.14428e-04	 1.14644e-04	-4.44720e-05	-1.61285e-04	 1.11470e-04	 1.36342e-03	 3.81936e-03
U  2	4.000006e-01	-3.56625e-04	-3.44254e-04	-3.07506e-04	-2.50689e-04	-1.82537e-04	-1.11619e-04	-4.42808e-05	 1.48054e-05	 6.22954e-05	 9.63084e-05	 1.16172e-04	 1.22430e-04	 1.16557e-04	 1.00684e-04	 7.74426e-05	 4.96584e-05	 2.01509e-05	-8.44649e-06	-3.38392e-05	-5.42083e-05	-6.82688e-05	-7.53271e-05	-7.52761e-05	-6.85624e-05	-5.61131e-05	-3.92643e-05	-1.96183e-05	 1.05667e-06	 2.09816e-05	 3.84759e-05	 5.20985e-05	 6.07358e-05	 6.36969e-05	 6.07334e-05	 5.20892e-05	 3.84610e-05	 2.09639e-05	 1.03446e-06	-1.96444e-05	-3.92934e-05	-5.61437e-05	-6.85925e-05	-7.53052e-05	-7.53502e-05	-6.82806e-05	-5.42046e-05	-3.38227e-05	-8.41522e-06	 2.01948e-05	 4.97141e-05	 7.75067e-05	 1.00746e-04	 1.16613e-04	 1.22483e-04	 1.16205e-04	 9.63236e-05	 6.22883e-05	 1.47819e-05	-4.43195e-05	-1.11667e-04	-1.82586e-04	-2.50735e-04	-3.07546e-04	-3.44269e-04
UR 0	4.000006e-01	 1.91699e-04	 1.94769e-04	 2.39074e-04	 2.31464e-04	 1.78963e-04	 9.35485e-05	-1.72113e-05	-1.38887e-04	-2.55167e-04	-3.59560e-04	-4.44995e-04	-5.07649e-04	-5.46438e-04	-5.62319e-04	-5.57617e-04	-5.35439e-04	-4.99015e-04	-4.51423e-04	-3.95313e-04	-3.32821e-04	-2.65649e-04	-1.95113e-04	-1.22409e-04	-4.87267e-05	 2.46883e-05	 9.62401e-05	 1.64188e-04	 2.26523e-04	 2.81214e-04	 3.26188e-04	 3.59743e-04	 3.80483e-04	 3.87495e-04	 3.80461e-04	 3.59712e-04	 3.26142e-04	 2.81165e-04	 2.26462e-04	 1.64112e-04	 9.61555e-05	 2.45845e-05	-4.88552e-05	-1.22566e-04	-1.95299e-04	-2.65862e-04	-3.33059e-04	-3.95553e-04	-4.51654e-04	-4.99215e-04	-5.35595e-04	-5.57726e-04	-5.62362e-04	-5.46420e-04	-5.07556e-04	-4.44820e-04	-3.59300e-04	-2.54847e-04	-1.38525e-04	-1.68231e-05	 9.39642e-05	 1.79383e-04	 2.31811e-04	 2.39206e-04	 1.94829e-04
UR 1	4.000006e-01	-1.63381e-07	-4.08655e-04	-7.85620e-04	-1.06959e-03	-1.22749e-03	-1.29903e-03	-1.31678e-03	-1.29480e-03	-1.23953e-03	-1.16023e-03	-1.06174e-03	-9.48010e-04	-8.22356e-04	-6.88108e-04	-5.48864e-04	-4.08520e-04	-2.71178e-04	-1.40953e-04	-2.17128e-05	 8.32036e-05	 1.71206e-04	 2.40498e-04	 2.90300e-04	 3.20739e-04	 3.32640e-04	 3.27606e-04	 3.07599e-04	 2.74874e-04	 2.31757e-04	 1.80586e-04	 1.23526e-04	 6.26743e-05	-4.37592e-08	-6.27630e-05	-1.23611e-04	-1.80671e-04	-2.31851e-04	-2.74984e-04	-3.07724e-04	-3.27736e-04	-3.32772e-04	-3.20850e-04	-2.90386e-04	-2.40545e-04	-1.71206e-04	-8.31556e-05	 2.18027e-05	 1.41084e-04	 2.71349e-04	 4.08731e-04	 5.49092e-04	 6.88353e-04	 8.22621e-04	 9.48273e-04	 1.06198e-03	 1.16043e-03	 1.23967e-03	 1.29487e-03	 1.31678e-03	 1.29892e-03	 1.22730e-03	 1.06935e-03	 7.85328e-04	 4.08343e-04
UR 2	4.000006e-01	 1.84456e-07	-4.80026e-02	-3.32547e-02	-1.14830e-02	 3.14781e-04	 3.44325e-03	 2.82540e-03	 1.62566e-03	 9.05414e-04	 6.64624e-04	 6.48811e-04	 6.75698e-04	 6.81488e-04	 6.60389e-04	 6.25182e-04	 5.87472e-04	 5.51054e-04	 5.15994e-04	 4.81417e-04	 4.46430e-04	 4.12214e-04	 3.78587e-04	 3.43560e-04	 3.09751e-04	 2.75085e-04	 2.40478e-04	 2.06771e-04	 1.71545e-04	 1.37595e-04	 1.03388e-04	 6.84305e-05	 3.40270e-05	 5.13631e-08	-3.39614e-05	-6.83922e-05	-1.03400e-04	-1.37629e-04	-1.71434e-04	-2.06634e-04	-2.40553e-04	-2.75295e-04	-3.09869e-04	-3.43512e-04	-3.78440e-04	-4.12080e-04	-4.46337e-04	-4.81382e-04	-5.15948e-04	-5.51003e-04	-5.87470e-04	-6.25207e-04	-6.60436e-04	-6.81451e-04	-6.75625e-04	-6.48791e-04	-6.64592e-04	-9.05392e-04	-1.62565e-03	-2.82548e-03	-3.44327e-03	-3.14819e-04	 1.14828e-02	 3.32547e-02	 4.80030e-02
U  0	5.000015e-01	 0.00000e+00	 6.10678e-05	 4.25462e-04	 7.84992e-04	 8.95521e-04	 8.16118e-04	 6.86434e-04	 5.83757e-04	 5.18176e-04	 4.72576e-04	 4.30918e-04	 3.86601e-04	 3.39716e-04	 2.92222e-04	 2.46212e-04	 2.02768e-04	 1.62299e-04	 1.25292e-04	 9.18184e-05	 6.22428e-05	 3.67372e-05	 1.52135e-05	-2.07980e-06	-1.53527e-05	-2.47630e-05	-3.04750e-05	-3.28436e-05	-3.21960e-05	-2.89611e-05	-2.36328e-05	-1.66675e-05	-8.60439e-06	 1.24716e-09	 8.60660e-06	 1.66703e-05	 2.36344e-05	 2.89614e-05	 3.22146e-05	 3.28362e-05	 3.04678e-05	 2.47629e-05	 1.53571e-05	 2.08253e-06	-1.52248e-05	-3.67392e-05	-6.22434e-05	-9.18188e-05	-1.25286e-04	-1.62292e-04	-2.02766e-04	-2.46209e-04	-2.92228e-04	-3.39722e-04	-3.86603e-04	-4.30923e-04	-4.72574e-04	-5.18181e-04	-5.83776e-04	-6.86436e-04	-8.16101e-04	-8.95514e-04	-7.84998e-04	-4.25453e-04	-6.10675e-05
U  1	5.000015e-01	 7.00548e-03	 4.77323e-03	 1.70033e-03	 1.33619e-04	-2.07904e-04	-6.29576e-05	 1.34198e-04	 2.56875e-04	 3.15707e-04	 3.45086e-04	 3.65088e-04	 3.81504e-04	 3.94049e-04	 4.01751e-04	 4.04223e-04	 4.01758e-04	 3.94916e-04	 3.84280e-04	 3.70443e-04	 3.54021e-04	 3.35648e-04	 3.15852e-04	 2.95365e-04	 2.74709e-04	 2.54436e-04	 2.35166e-04	 2.17327e-04	 2.01437e-04	 1.87881e-04	 1.76915e-04	 1.68930e-04	 1.64103e-04	 1.62420e-04	 1.64101e-04	 1.68923e-04	 1.76913e-04	 1.87881e-04	 2.01401e-04	 2.17334e-04	 2.35173e-04	 2.54435e-04	 2.74705e-04	 2.95362e-04	 3.15859e-04	 3.35649e-04	 3.54022e-04	 3.70444e-04	 3.84282e-04	 3.94918e-04	 4.01760e-04	 4.04225e-04	 4.01751e-04	 3.94048e-04	 3.81505e-04	 3.65083e-04	 3.45090e-04	 3.15710e-04	 2.56876e-04	 1.34196e-04	-6.29541e-05	-2.07892e-04	 1.33622e-04	 1.70032e-03	 4.77319e-03
U  2	5.000015e-01	-1.43232e-03	-1.37822e-03	-1.22197e-03	-9.88810e-04	-7.15645e-04	-4.35963e-04	-1.75128e-04	 4.88926e-05	 2.24481e-04	 3.46339e-04	 4.14271e-04	 4.32703e-04	 4.09153e-04	 3.53094e-04	 2.74982e-04	 1.85138e-04	 9.30064e-05	 6.65683e-06	-6.76003e-05	-1.25395e-04	-1.64255e-04	-1.83501e-04	-1.84018e-04	-1.67979e-04	-1.38475e-04	-9.92873e-05	-5.44685e-05	-8.14260e-06	 3.58084e-05	 7.38958e-05	 1.03266e-04	 1.21765e-04	 1.28084e-04	 1.21763e-04	 1.03258e-04	 7.38807e-05	 3.57939e-05	-8.15843e-06	-5.44854e-05	-9.93043e-05	-1.38490e-04	-1.67990e-04	-1.84028e-04	-1.83498e-04	-1.64244e-04	-1.25364e-04	-6.75563e-05	 6.71610e-06	 9.30784e-05	 1.85221e-04	 2.75073e-04	 3.53183e-04	 4.09227e-04	 4.32774e-04	 4.14320e-04	 3.46362e-04	 2.24477e-04	 4.88684e-05	-1.75175e-04	-4.36021e-04	-7.15714e-04	-9.88886e-04	-1.22202e-03	-1.37825e-03
UR 0	5.000015e-01	 4.46886e-03	 4.21914e-03	 3.85070e-03	 3.28537e-03	 2.60283e-03	 1.85646e-03	 1.08931e-03	 3.50598e-04	-3.10250e-04	-8.63127e-04	-1.28940e-03	-1.58443e-03	-1.75484e-03	-1.81490e-03	-1.78373e-03	-1.68250e-03	-1.53165e-03	-1.34928e-03	-1.14996e-03	-9.44491e-04	-7.40221e-04	-5.41398e-04	-3.50401e-04	-1.68387e-04	 3.94140e-06	 1.65220e-04	 3.14067e-04	 4.47893e-04	 5.63746e-04	 6.58278e-04	 7.28460e-04	 7.71734e-04	 7.86341e-04	 7.71701e-04	 7.28424e-04	 6.58232e-04	 5.63708e-04	 4.47841e-04	 3.13991e-04	 1.65127e-04	 3.83438e-06	-1.68524e-04	-3.50579e-04	-5.41608e-04	-7.40457e-04	-9.44753e-04	-1.15020e-03	-1.34951e-03	-1.53184e-03	-1.68267e-03	-1.78385e-03	-1.81493e-03	-1.75477e-03	-1.58426e-03	-1.28913e-03	-8.62722e-04	-3.09735e-04	 3.51204e-04	 1.09000e-03	 1.85724e-03	 2.60368e-03	 3.28620e-03	 3.85126e-03	 4.21940e-03
UR 1	5.000015e-01	-2.04450e-07	-1.54303e-03	-2.77038e-03	-3.61912e-03	-4.08797e-03	-4.27551e-03	-4.26955e-03	-4.12957e-03	-3.89004e-03	-3.58093e-03	-3.22130e-03	-2.82596e-03	-2.40621e-03	-1.97278e-03	-1.53677e-03	-1.10988e-03	-7.04006e-04	-3.30538e-04	-1.77121e-07	 2.79276e-04	 5.02713e-04	 6.67844e-04	 7.75568e-04	 8.29590e-04	 8.35567e-04	 8.00827e-04	 7.33156e-04	 6.40226e-04	 5.28987e-04	 4.05360e-04	 2.73849e-04	 1.37894e-04	-4.11889e-08	-1.37972e-04	-2.73919e-04	-4.05420e-04	-5.29032e-04	-6.40279e-04	-7.33226e-04	-8.00904e-04	-8.35630e-04	-8.29638e-04	-7.75609e-04	-6.67853e-04	-5.02692e-04	-2.79213e-04	 2.82544e-07	 3.30700e-04	 7.04233e-04	 1.11015e-03	 1.53705e-03	 1.97305e-03	 2.40647e-03	 2.82619e-03	 3.22151e-03	 3.58111e-03	 3.89016e-03	 4.12958e-03	 4.26947e-03	 4.27530e-03	 4.08767e-03	 3.61872e-03	 2.76984e-03	 1.54257e-03
UR 2	5.000015e-01	 1.61048e-07	-6.00114e-02	-4.15799e-02	-1.43539e-02	 3.86532e-04	 4.27938e-03	 3.49131e-03	 1.98322e-03	 1.08171e-03	 7.83812e-04	 7.68526e-04	 8.05941e-04	 8.15924e-04	 7.91724e-04	 7.49431e-04	 7.03748e-04	 6.59629e-04	 6.17360e-04	 5.75696e-04	 5.33691e-04	 4.92901e-04	 4.52659e-04	 4.10786e-04	 3.70529e-04	 3.29059e-04	 2.87640e-04	 2.47262e-04	 2.05030e-04	 1.64441e-04	 1.23489e-04	 8.16364e-05	 4.06639e-05	 6.02135e-08	-4.06030e-05	-8.16354e-05	-1.23537e-04	-1.64526e-04	-2.04999e-04	-2.47179e-04	-2.87731e-04	-3.29292e-04	-3.70669e-04	-4.10776e-04	-4.52557e-04	-4.92813e-04	-5.33657e-04	-5.75678e-04	-6.17296e-04	-6.59612e-04	-7.03797e-04	-7.49504e-04	-7.91823e-04	-8.15931e-04	-8.05884e-04	-7.68493e-04	-7.83796e-04	-1.08171e-03	-1.98322e-03	-3.49138e-03	-4.27934e-03	-3.86555e-04	 1.43537e-02	 4.15800e-02	 6.00118e-02
U  0	6.000025e-01	 0.00000e+00	 6.40923e-05	 4.51418e-04	 8.22835e-04	 9.01337e-04	 7.64183e-04	 5.80452e-04	 4.42807e-04	 3.62552e-04	 3.17193e-04	 2.84729e-04	 2.54025e-04	 2.22583e-04	 1.91006e-04	 1.60670e-04	 1.32215e-04	 1.05722e-04	 8.14625e-05	 5.93114e-05	 3.95481e-05	 2.23590e-05	 7.74279e-06	-3.94162e-06	-1.27734e-05	-1.88167e-05	-2.22183e-05	-2.32822e-05	-2.23262e-05	-1.97261e-05	-1.58701e-05	-1.10757e-05	-5.68151e-06	-2.31103e-09	 5.67689e-06	 1.10721e-05	 1.58651e-05	 1.97206e-05	 2.23408e-05	 2.32705e-05	 2.22071e-05	 1.88112e-05	 1.27728e-05	 3.93994e-06	-7.75710e-06	-2.23641e-05	-3.95505e-05	-5.93118e-05	-8.14557e-05	-1.05720e-04	-1.32213e-04	-1.60666e-04	-1.91014e-04	-2.22587e-04	-2.54025e-04	-2.84726e-04	-3.17188e-04	-3.62557e-04	-4.42818e-04	-5.80448e-04	-7.64170e-04	-9.01330e-04	-8.22850e-04	-4.51409e-04	-6.40917e-05
U  1	6.000025e-01	 8.40830e-03	 5.80975e-03	 2.21376e-03	 3.36436e-04	-1.36525e-04	-4.59244e-05	 1.16914e-04	 2.10023e-04	 2.45186e-04	 2.58736e-04	 2.69543e-04	 2.80560e-04	 2.88899e-04	 2.92241e-04	 2.90120e-04	 2.83505e-04	 2.73819e-04	 2.62298e-04	 2.49792e-04	 2.36778e-04	 2.23476e-04	 2.09879e-04	 1.96180e-04	 1.82465e-04	 1.68966e-04	 1.56047e-04	 1.44013e-04	 1.33239e-04	 1.24022e-04	 1.16557e-04	 1.11131e-04	 1.07856e-04	 1.06695e-04	 1.07854e-04	 1.11122e-04	 1.16554e-04	 1.24019e-04	 1.33196e-04	 1.44012e-04	 1.56047e-04	 1.68960e-04	 1.82454e-04	 1.96171e-04	 2.09880e-04	 2.23470e-04	 2.36773e-04	 2.49786e-04	 2.62294e-04	 2.73815e-04	 2.83501e-04	 2.90117e-04	 2.92236e-04	 2.88893e-04	 2.80558e-04	 2.69534e-04	 2.58735e-04	 2.45183e-04	 2.10019e-04	 1.16909e-04	-4.59265e-05	-1.36514e-04	 3.36436e-04	 2.21377e-03	 5.80972e-03
U  2	6.000025e-01	-1.64117e-02	-1.57745e-02	-1.39873e-02	-1.13935e-02	-8.40796e-03	-5.38794e-03	-2.60090e-03	-2.27095e-04	 1.62654e-03	 2.92144e-03	 3.67235e-03	 3.93762e-03	 3.80256e-03	 3.36665e-03	 2.73350e-03	 1.99975e-03	 1.24947e-03	 5.49957e-04	-5.00308e-05	-5.20242e-04	-8.47243e-04	-1.03194e-03	-1.08639e-03	-1.03053e-03	-8.88894e-04	-6.88325e-04	-4.55164e-04	-2.14164e-04	 1.30708e-05	 2.08467e-04	 3.58020e-04	 4.51703e-04	 4.83604e-04	 4.51685e-04	 3.57996e-04	 2.08424e-04	 1.30247e-05	-2.14236e-04	-4.55222e-04	-6.88380e-04	-8.88943e-04	-1.03058e-03	-1.08642e-03	-1.03196e-03	-8.47251e-04	-5.20231e-04	-5.00027e-05	 5.49972e-04	 1.24950e-03	 1.99980e-03	 2.73359e-03	 3.36673e-03	 3.80261e-03	 3.93768e-03	 3.67240e-03	 2.92147e-03	 1.62655e-03	-2.27098e-04	-2.60092e-03	-5.38797e-03	-8.40797e-03	-1.13935e-02	-1.39872e-02	-1.57745e-02
UR 0	6.000025e-01	 6.77638e-02	 6.34849e-02	 5.65772e-02	 4.77369e-02	 3.79588e-02	 2.79327e-02	 1.81653e-02	 9.13901e-03	 1.29458e-03	-5.05910e-03	-9.80773e-03	-1.29938e-02	-1.47583e-02	-1.53257e-02	-1.49539e-02	-1.39100e-02	-1.24358e-02	-1.07373e-02	-8.97537e-03	-7.25871e-03	-5.65710e-03	-4.20204e-03	-2.89839e-03	-1.73803e-03	-7.06518e-04	 2.10566e-04	 1.02279e-03	 1.73295e-03	 2.33632e-03	 2.82305e-03	 3.18215e-03	 3.40282e-03	 3.47728e-03	 3.40276e-03	 3.18208e-03	 2.82287e-03	 2.33607e-03	 1.73271e-03	 1.02250e-03	 2.10263e-04	-7.06840e-04	-1.73836e-03	-2.89873e-03	-4.20236e-03	-5.65739e-03	-7.25900e-03	-8.97561e-03	-1.07376e-02	-1.24360e-02	-1.39102e-02	-1.49541e-02	-1.53259e-02	-1.47584e-02	-1.29937e-02	-9.80760e-03	-5.05883e-03	 1.29497e-03	 9.13949e-03	 1.81659e-02	 2.79334e-02	 3.79594e-02	 4.77375e-02	 5.65776e-02	 6.34848e-02
UR 1	6.000025e-01	 2.67872e-07	-1.73069e-02	-2.89968e-02	-3.64250e-02	-4.03441e-02	-4.15986e-02	-4.09814e-02	-3.91313e-02	-3.64939e-02	-3.33359e-02	-2.98340e-02	-2.61197e-02	-2.22825e-02	-1.84059e-02	-1.45787e-02	-1.08976e-02	-7.45322e-03	-4.33614e-03	-1.62225e-03	 6.30540e-04	 2.39442e-03	 3.67025e-03	 4.48142e-03	 4.87615e-03	 4.91768e-03	 4.67773e-03	 4.22854e-03	 3.63671e-03	 2.95768e-03	 2.23366e-03	 1.49131e-03	 7.45227e-04	-1.44190e-07	-7.45510e-04	-1.49156e-03	-2.23388e-03	-2.95788e-03	-3.63688e-03	-4.22869e-03	-4.67792e-03	-4.91789e-03	-4.87633e-03	-4.48154e-03	-3.67029e-03	-2.39444e-03	-6.30596e-04	 1.62225e-03	 4.33618e-03	 7.45326e-03	 1.08977e-02	 1.45788e-02	 1.84060e-02	 2.22826e-02	 2.61198e-02	 2.98339e-02	 3.33359e-02	 3.64941e-02	 3.91314e-02	 4.09816e-02	 4.15977e-02	 4.03437e-02	 3.64242e-02	 2.89967e-02	 1.73071e-02
UR 2	6.000025e-01	 3.37353e-07	-6.91599e-02	-4.78769e-02	-1.66953e-02	 3.01676e-05	 4.31376e-03	 3.30498e-03	 1.55537e-03	 5.75191e-04	 3.23232e-04	 4.07054e-04	 5.39509e-04	 6.14244e-04	 6.22527e-04	 5.87451e-04	 5.36162e-04	 4.82208e-04	 4.32448e-04	 3.90647e-04	 3.54828e-04	 3.26096e-04	 3.01161e-04	 2.75472e-04	 2.50266e-04	 2.23233e-04	 1.94701e-04	 1.66051e-04	 1.36090e-04	 1.07448e-04	 7.94302e-05	 5.18808e-05	 2.56176e-05	 5.25014e-08	-2.55209e-05	-5.18371e-05	-7.94582e-05	-1.07471e-04	-1.35987e-04	-1.65943e-04	-1.94797e-04	-2.23455e-04	-2.50373e-04	-2.75403e-04	-3.01013e-04	-3.25990e-04	-3.54726e-04	-3.90605e-04	-4.32429e-04	-4.82123e-04	-5.36151e-04	-5.87518e-04	-6.22576e-04	-6.14213e-04	-5.39405e-04	-4.07017e-04	-3.23246e-04	-5.75192e-04	-1.55535e-03	-3.30505e-03	-4.31368e-03	-3.01681e-05	 1.66953e-02	 4.78767e-02	 6.91597e-02
U  0	7.000003e-01	 0.00000e+00	 6.44673e-05	 4.50413e-04	 8.00295e-04	 8.20812e-04	 6.11159e-04	 3.67086e-04	 1.93657e-04	 1.01730e-04	 6.21267e-05	 4.62576e-05	 3.81102e-05	 3.18723e-05	 2.62494e-05	 2.15177e-05	 1.76392e-05	 1.42496e-05	 1.13242e-05	 8.36828e-06	 5.35199e-06	 2.43287e-06	-3.24166e-07	-2.54035e-06	-4.18732e-06	-5.17203e-06	-5.52355e-06	-5.33039e-06	-4.73899e-06	-3.90220e-06	-2.95394e-06	-1.96102e-06	-9.71672e-07	-1.25897e-09	 9.69128e-07	 1.95912e-06	 2.95061e-06	 3.89835e-06	 4.75528e-06	 5.32120e-06	 5.51519e-06	 5.16967e-06	 4.18958e-06	 2.54071e-06	 3.10407e-07	-2.43838e-06	-5.35451e-06	-8.36946e-06	-1.13168e-05	-1.42471e-05	-1.76371e-05	-2.15155e-05	-2.62576e-05	-3.18774e-05	-3.81143e-05	-4.62542e-05	-6.21206e-05	-1.01733e-04	-1.93661e-04	-3.67084e-04	-6.11127e-04	-8.20799e-04	-8.00299e-04	-4.50403e-04	-6.44660e-05
U  1	7.000003e-01	 9.82368e-03	 6.90574e-03	 2.85263e-03	 6.69484e-04	 2.45890e-05	 8.29442e-06	 9.12583e-05	 1.21230e-04	 1.09641e-04	 9.22860e-05	 8.44510e-05	 8.46113e-05	 8.64806e-05	 8.57242e-05	 8.11118e-05	 7.36283e-05	 6.49895e-05	 5.67162e-05	 4.96585e-05	 4.41205e-05	 3.99096e-05	 3.66315e-05	 3.39636e-05	 3.15331e-05	 2.92012e-05	 2.69257e-05	 2.47690e-05	 2.27950e-05	 2.10883e-05	 1.96848e-05	 1.86843e-05	 1.81010e-05	 1.78441e-05	 1.80955e-05	 1.86800e-05	 1.96827e-05	 2.10887e-05	 2.27589e-05	 2.47646e-05	 2.69256e-05	 2.91952e-05	 3.15223e-05	 3.39516e-05	 3.66295e-05	 3.99078e-05	 4.41107e-05	 4.96557e-05	 5.67090e-05	 6.49841e-05	 7.36289e-05	 8.11088e-05	 8.57208e-05	 8.64790e-05	 8.46092e-05	 8.44465e-05	 9.22885e-05	 1.09640e-04	 1.21228e-04	 9.12563e-05	 8.30187e-06	 2.46062e-05	 6.69492e-04	 2.85264e-03	 6.90570e-03
U  2	7.000003e-01	-2.75467e-02	-2.65165e-02	-2.36358e-02	-1.94880e-02	-1.47529e-02	-9.99459e-03	-5.62069e-03	-1.89094e-03	 1.04961e-03	 3.15716e-03	 4.46469e-03	 5.06492e-03	 5.08437e-03	 4.66563e-03	 3.95273e-03	 3.07822e-03	 2.15466e-03	 1.27260e-03	 4.96088e-04	-1.34910e-04	-6.01198e-04	-9.01892e-04	-1.04957e-03	-1.06629e-03	-9.79471e-04	-8.19130e-04	-6.14647e-04	-3.93471e-04	-1.79681e-04	 7.13451e-06	 1.51284e-04	 2.42211e-04	 2.73231e-04	 2.42131e-04	 1.51289e-04	 7.11752e-06	-1.79726e-04	-3.93532e-04	-6.14685e-04	-8.19173e-04	-9.79508e-04	-1.06632e-03	-1.04960e-03	-9.01909e-04	-6.01204e-04	-1.34904e-04	 4.96084e-04	 1.27258e-03	 2.15473e-03	 3.07829e-03	 3.95279e-03	 4.66579e-03	 5.08442e-03	 5.06483e-03	 4.46480e-03	 3.15718e-03	 1.04964e-03	-1.89091e-03	-5.62070e-03	-9.99462e-03	-1.47529e-02	-1.94880e-02	-2.36358e-02	-2.65165e-02
UR 0	7.000003e-01	 1.11749e-01	 1.04323e-01	 9.26419e-02	 7.80200e-02	 6.20309e-02	 4.60872e-02	 3.07367e-02	 1.68157e-02	 4.90625e-03	-4.58509e-03	-1.15512e-02	-1.61382e-02	-1.86351e-02	-1.94124e-02	-1.88846e-02	-1.74578e-02	-1.54892e-02	-1.32701e-02	-1.10256e-02	-8.89265e-03	-6.95204e-03	-5.23979e-03	-3.75022e-03	-2.46084e-03	-1.34353e-03	-3.70879e-04	 4.76530e-04	 1.20926e-03	 1.82772e-03	 2.32487e-03	 2.69097e-03	 2.91582e-03	 2.99165e-03	 2.91577e-03	 2.69099e-03	 2.32484e-03	 1.82762e-03	 1.20914e-03	 4.76375e-04	-3.71046e-04	-1.34373e-03	-2.46104e-03	-3.75043e-03	-5.24006e-03	-6.95227e-03	-8.89289e-03	-1.10258e-02	-1.32704e-02	-1.54893e-02	-1.74582e-02	-1.88845e-02	-1.94126e-02	-1.86350e-02	-1.61382e-02	-1.15512e-02	-4.58496e-03	 4.90666e-03	 1.68163e-02	 3.07376e-02	 4.60880e-02	 6.20317e-02	 7.80208e-02	 9.26429e-02	 1.04323e-01
UR 1	7.000003e-01	 4.18145e-07	-2.82744e-02	-4.65092e-02	-5.75296e-02	-6.29330e-02	-6.41942e-02	-6.27758e-02	-5.96890e-02	-5.56035e-02	-5.09117e-02	-4.58505e-02	-4.05655e-02	-3.51614e-02	-2.97261e-02	-2.43641e-02	-1.91951e-02	-1.43394e-02	-9.91659e-03	-6.02547e-03	-2.74618e-03	-1.16737e-04	 1.87068e-03	 3.24703e-03	 4.07309e-03	 4.43071e-03	 4.41164e-03	 4.10765e-03	 3.60371e-03	 2.97097e-03	 2.26445e-03	 1.52090e-03	 7.62572e-04	-1.20285e-07	-7.62770e-04	-1.52105e-03	-2.26454e-03	-2.97106e-03	-3.60379e-03	-4.10775e-03	-4.41170e-03	-4.43084e-03	-4.07312e-03	-3.24708e-03	-1.87063e-03	 1.16735e-04	 2.74606e-03	 6.02540e-03	 9.91642e-03	 1.43392e-02	 1.91951e-02	 2.43640e-02	 2.97261e-02	 3.51611e-02	 4.05654e-02	 4.58507e-02	 5.09114e-02	 5.56035e-02	 5.96894e-02	 6.27759e-02	 6.41928e-02	 6.29321e-02	 5.75285e-02	 4.65095e-02	 2.82748e-02
UR 2	7.000003e-01	 3.05414e-07	-7.63204e-02	-5.27737e-02	-1.87343e-02	-6.61486e-04	 3.81442e-03	 2.60261e-03	 6.78968e-04	-3.12660e-04	-4.55982e-04	-2.38909e-04	 1.92835e-05	 1.89857e-04	 2.58845e-04	 2.57245e-04	 2.21475e-04	 1.73519e-04	 1.26328e-04	 9.44552e-05	 7.20377e-05	 5.88128e-05	 5.27640e-05	 4.88185e-05	 4.56567e-05	 4.18102e-05	 3.64363e-05	 3.01800e-05	 2.34963e-05	 1.71063e-05	 1.15604e-05	 6.99992e-06	 3.23616e-06	 6.52371e-08	-3.13729e-06	-6.96428e-06	-1.15792e-05	-1.71285e-05	-2.33840e-05	-3.00517e-05	-3.65384e-05	-4.20483e-05	-4.57866e-05	-4.87983e-05	-5.26627e-05	-5.87347e-05	-7.19445e-05	-9.44351e-05	-1.26295e-04	-1.73452e-04	-2.21479e-04	-2.57302e-04	-2.58882e-04	-1.89845e-04	-1.91441e-05	 2.38972e-04	 4.55992e-04	 3.12619e-04	-6.78931e-04	-2.60259e-03	-3.81423e-03	 6.61543e-04	 1.87343e-02	 5.27730e-02	 7.63200e-02
U  0	8.000013e-01	 0.00000e+00	 6.28036e-05	 4.36825e-04	 7.54877e-04	 7.14901e-04	 4.36896e-04	 1.39171e-04	-6.41917e-05	-1.64009e-04	-1.95553e-04	-1.93521e-04	-1.78997e-04	-1.60210e-04	-1.39979e-04	-1.19151e-04	-9.84635e-05	-7.87284e-05	-6.02484e-05	-4.37647e-05	-2.95461e-05	-1.76117e-05	-8.02317e-06	-4.35299e-07	 5.30719e-06	 9.46645e-06	 1.21348e-05	 1.34585e-05	 1.35072e-05	 1.23946e-05	 1.02695e-05	 7.32920e-06	 3.81366e-06	-5.47976e-09	-3.82457e-06	-7.33945e-06	-1.02811e-05	-1.24074e-05	-1.34998e-05	-1.34758e-05	-1.21502e-05	-9.47540e-06	-5.31059e-06	 4.30866e-07	 8.00541e-06	 1.76037e-05	 2.95415e-05	 4.37607e-05	 6.02528e-05	 7.87297e-05	 9.84656e-05	 1.19154e-04	 1.39975e-04	 1.60208e-04	 1.78994e-04	 1.93532e-04	 1.95563e-04	 1.64012e-04	 6.41943e-05	-1.39160e-04	-4.36850e-04	-7.14873e-04	-7.54874e-04	-4.36817e-04	-6.28012e-05
U  1	8.000013e-01	 1.12391e-02	 8.03122e-03	 3.55593e-03	 1.07329e-03	 2.42280e-04	 9.93224e-05	 8.54201e-05	 3.96160e-05	-2.80959e-05	-8.38365e-05	-1.15853e-04	-1.29501e-04	-1.34843e-04	-1.38618e-04	-1.43353e-04	-1.48722e-04	-1.53380e-04	-1.55963e-04	-1.55762e-04	-1.52618e-04	-1.47007e-04	-1.39591e-04	-1.31067e-04	-1.22100e-04	-1.13128e-04	-1.04580e-04	-9.66750e-05	-8.96634e-05	-8.36988e-05	-7.88972e-05	-7.53752e-05	-7.32025e-05	-7.25456e-05	-7.32150e-05	-7.53801e-05	-7.88999e-05	-8.36923e-05	-8.97014e-05	-9.66833e-05	-1.04588e-04	-1.13132e-04	-1.22112e-04	-1.31082e-04	-1.39594e-04	-1.47014e-04	-1.52630e-04	-1.55762e-04	-1.55963e-04	-1.53406e-04	-1.48716e-04	-1.43368e-04	-1.38629e-04	-1.34850e-04	-1.29507e-04	-1.15864e-04	-8.38401e-05	-2.80988e-05	 3.96048e-05	 8.54155e-05	 9.93270e-05	 2.42282e-04	 1.07327e-03	 3.55595e-03	 8.03115e-03
U  2	8.000013e-01	-3.71222e-02	-3.57939e-02	-3.20555e-02	-2.67089e-02	-2.06483e-02	-1.45878e-02	-9.03164e-03	-4.28372e-03	-5.03941e-04	 2.26937e-03	 4.08488e-03	 5.05881e-03	 5.34247e-03	 5.10023e-03	 4.49685e-03	 3.68005e-03	 2.77403e-03	 1.88126e-03	 1.07005e-03	 3.86993e-04	-1.44602e-04	-5.20162e-04	-7.49243e-04	-8.50637e-04	-8.48616e-04	-7.70334e-04	-6.42666e-04	-4.90624e-04	-3.36043e-04	-1.97069e-04	-8.78358e-05	-1.81922e-05	 5.50784e-06	-1.81901e-05	-8.78000e-05	-1.97041e-04	-3.36104e-04	-4.90691e-04	-6.42685e-04	-7.70382e-04	-8.48612e-04	-8.50616e-04	-7.49258e-04	-5.20194e-04	-1.44597e-04	 3.86951e-04	 1.07000e-03	 1.88127e-03	 2.77407e-03	 3.68009e-03	 4.49687e-03	 5.10035e-03	 5.34246e-03	 5.05860e-03	 4.08497e-03	 2.26937e-03	-5.03912e-04	-4.28373e-03	-9.03167e-03	-1.45877e-02	-2.06484e-02	-2.67089e-02	-3.20557e-02	-3.57935e-02
UR 0	8.000013e-01	 1.47433e-01	 1.37277e-01	 1.21453e-01	 1.02259e-01	 8.13573e-02	 6.09518e-02	 4.15381e-02	 2.41531e-02	 9.50257e-03	-2.01631e-03	-1.03709e-02	-1.57998e-02	-1.87342e-02	-1.96611e-02	-1.91038e-02	-1.75565e-02	-1.54420e-02	-1.30946e-02	-1.07670e-02	-8.60274e-03	-6.68314e-03	-5.03804e-03	-3.65187e-03	-2.49115e-03	-1.51733e-03	-6.93818e-04	 7.72952e-06	 6.04397e-04	 1.10333e-03	 1.50225e-03	 1.79527e-03	 1.97508e-03	 2.03579e-03	 1.97505e-03	 1.79527e-03	 1.50216e-03	 1.10316e-03	 6.04206e-04	 7.43200e-06	-6.94085e-04	-1.51762e-03	-2.49144e-03	-3.65216e-03	-5.03838e-03	-6.68341e-03	-8.60303e-03	-1.07673e-02	-1.30948e-02	-1.54420e-02	-1.75568e-02	-1.91033e-02	-1.96611e-02	-1.87341e-02	-1.57999e-02	-1.03712e-02	-2.01625e-03	 9.50307e-03	 2.41535e-02	 4.15392e-02	 6.09530e-02	 8.13585e-02	 1.02259e-01	 1.21453e-01	 1.37275e-01
UR 1	8.000013e-01	 7.48408e-07	-3.71390e-02	-6.01779e-02	-7.33220e-02	-7.94664e-02	-8.03559e-02	-7.81050e-02	-7.40382e-02	-6.89654e-02	-6.33442e-02	-5.73894e-02	-5.12629e-02	-4.50233e-02	-3.87572e-02	-3.25664e-02	-2.65800e-02	-2.09226e-02	-1.57287e-02	-1.11050e-02	-7.13994e-03	-3.88037e-03	-1.32524e-03	 5.59603e-04	 1.83843e-03	 2.59578e-03	 2.92760e-03	 2.92871e-03	 2.68928e-03	 2.28544e-03	 1.77791e-03	 1.21006e-03	 6.11251e-04	-6.32603e-08	-6.11366e-04	-1.21019e-03	-1.77801e-03	-2.28560e-03	-2.68940e-03	-2.92888e-03	-2.92771e-03	-2.59596e-03	-1.83863e-03	-5.59888e-04	 1.32504e-03	 3.88012e-03	 7.13961e-03	 1.11048e-02	 1.57282e-02	 2.09221e-02	 2.65798e-02	 3.25663e-02	 3.87569e-02	 4.50230e-02	 5.12627e-02	 5.73894e-02	 6.33439e-02	 6.89656e-02	 7.40379e-02	 7.81044e-02	 8.03539e-02	 7.94643e-02	 7.33209e-02	 6.01777e-02	 3.71400e-02
UR 2	8.000013e-01	 3.76153e-07	-8.25862e-02	-5.70648e-02	-2.06913e-02	-1.53760e-03	 3.07492e-03	 1.72015e-03	-3.25743e-04	-1.28974e-03	-1.34287e-03	-9.74142e-04	-5.82585e-04	-3.12635e-04	-1.70633e-04	-1.21828e-04	-1.23650e-04	-1.49812e-04	-1.83137e-04	-2.01965e-04	-2.11580e-04	-2.09405e-04	-1.96260e-04	-1.79807e-04	-1.62614e-04	-1.44293e-04	-1.26310e-04	-1.09124e-04	-9.14797e-05	-7.46638e-05	-5.69798e-05	-3.81162e-05	-1.91521e-05	 6.11499e-08	 1.92439e-05	 3.81459e-05	 5.69297e-05	 7.46078e-05	 9.15984e-05	 1.09279e-04	 1.26223e-04	 1.44069e-04	 1.62515e-04	 1.79845e-04	 1.96387e-04	 2.09520e-04	 2.11687e-04	 2.01962e-04	 1.83195e-04	 1.49907e-04	 1.23664e-04	 1.21796e-04	 1.70610e-04	 3.12660e-04	 5.82744e-04	 9.74193e-04	 1.34280e-03	 1.28971e-03	 3.25815e-04	-1.72025e-03	-3.07479e-03	 1.53751e-03	 2.06909e-02	 5.70645e-02	 8.25871e-02
U  0	9.000021e-01	 0.00000e+00	 5.96428e-05	 4.12915e-04	 6.91011e-04	 5.89606e-04	 2.48012e-04	-9.66119e-05	-3.24378e-04	-4.28924e-04	-4.51006e-04	-4.30435e-04	-3.92987e-04	-3.49560e-04	-3.04087e-04	-2.58338e-04	-2.13668e-04	-1.71295e-04	-1.31809e-04	-9.61898e-05	-6.49972e-05	-3.83589e-05	-1.63258e-05	 1.27081e-06	 1.45391e-05	 2.39357e-05	 2.97065e-05	 3.22287e-05	 3.17776e-05	 2.87367e-05	 2.35412e-05	 1.66587e-05	 8.62259e-06	-4.56797e-09	-8.63170e-06	-1.66672e-05	-2.35509e-05	-2.87475e-05	-3.17689e-05	-3.22448e-05	-2.97213e-05	-2.39438e-05	-1.45419e-05	-1.27483e-06	 1.63090e-05	 3.83514e-05	 6.49921e-05	 9.61872e-05	 1.31813e-04	 1.71300e-04	 2.13670e-04	 2.58348e-04	 3.04088e-04	 3.49555e-04	 3.92979e-04	 4.30447e-04	 4.51012e-04	 4.28927e-04	 3.24380e-04	 9.66247e-05	-2.47967e-04	-5.89577e-04	-6.91020e-04	-4.12916e-04	-5.96389e-05
U  1	9.000021e-01	 1.26545e-02	 9.18568e-03	 4.32530e-03	 1.55082e-03	 5.22280e-04	 2.35840e-04	 1.09641e-04	-2.35481e-05	-1.55781e-04	-2.56516e-04	-3.17757e-04	-3.48954e-04	-3.63157e-04	-3.70200e-04	-3.74459e-04	-3.76431e-04	-3.75684e-04	-3.71296e-04	-3.62897e-04	-3.50436e-04	-3.34454e-04	-3.16193e-04	-2.96327e-04	-2.75921e-04	-2.55710e-04	-2.36317e-04	-2.18404e-04	-2.02473e-04	-1.88858e-04	-1.77895e-04	-1.69866e-04	-1.64961e-04	-1.63383e-04	-1.64968e-04	-1.69870e-04	-1.77893e-04	-1.88857e-04	-2.02525e-04	-2.18414e-04	-2.36301e-04	-2.55714e-04	-2.75940e-04	-2.96339e-04	-3.16196e-04	-3.34459e-04	-3.50452e-04	-3.62901e-04	-3.71303e-04	-3.75717e-04	-3.76425e-04	-3.74462e-04	-3.70217e-04	-3.63170e-04	-3.48950e-04	-3.17791e-04	-2.56517e-04	-1.55789e-04	-2.35468e-05	 1.09645e-04	 2.35853e-04	 5.22287e-04	 1.55081e-03	 4.32535e-03	 9.18562e-03
U  2	9.000021e-01	-4.61193e-02	-4.45403e-02	-4.00429e-02	-3.36704e-02	-2.64973e-02	-1.93458e-02	-1.27991e-02	-7.18985e-03	-2.68227e-03	 6.94279e-04	 3.00274e-03	 4.37490e-03	 4.97893e-03	 4.99155e-03	 4.58694e-03	 3.92167e-03	 3.12545e-03	 2.30455e-03	 1.53202e-03	 8.56468e-04	 3.06805e-04	-1.09747e-04	-3.96381e-04	-5.66584e-04	-6.42123e-04	-6.43548e-04	-5.93815e-04	-5.14010e-04	-4.23068e-04	-3.36333e-04	-2.65760e-04	-2.19784e-04	-2.03934e-04	-2.19784e-04	-2.65607e-04	-3.36321e-04	-4.23121e-04	-5.14098e-04	-5.93856e-04	-6.43630e-04	-6.42176e-04	-5.66636e-04	-3.96427e-04	-1.09887e-04	 3.06835e-04	 8.56359e-04	 1.53205e-03	 2.30456e-03	 3.12560e-03	 3.92167e-03	 4.58697e-03	 4.99173e-03	 4.97888e-03	 4.37478e-03	 3.00283e-03	 6.94303e-04	-2.68224e-03	-7.18991e-03	-1.27990e-02	-1.93460e-02	-2.64973e-02	-3.36703e-02	-4.00432e-02	-4.45404e-02
UR 0	9.000021e-01	 1.79013e-01	 1.66426e-01	 1.46753e-01	 1.23548e-01	 9.83829e-02	 7.42949e-02	 5.15711e-02	 3.14250e-02	 1.46913e-02	 1.68063e-03	-7.70019e-03	-1.37370e-02	-1.69833e-02	-1.80556e-02	-1.75459e-02	-1.60080e-02	-1.39061e-02	-1.15941e-02	-9.34144e-03	-7.29392e-03	-5.52621e-03	-4.06080e-03	-2.87424e-03	-1.92494e-03	-1.16632e-03	-5.54055e-04	-5.33640e-05	 3.59397e-04	 6.98015e-04	 9.65829e-04	 1.16154e-03	 1.28140e-03	 1.32182e-03	 1.28133e-03	 1.16163e-03	 9.65897e-04	 6.97976e-04	 3.59402e-04	-5.33459e-05	-5.54198e-04	-1.16650e-03	-1.92516e-03	-2.87451e-03	-4.06110e-03	-5.52643e-03	-7.29426e-03	-9.34183e-03	-1.15942e-02	-1.39061e-02	-1.60081e-02	-1.75454e-02	-1.80557e-02	-1.69832e-02	-1.37368e-02	-7.70021e-03	 1.68079e-03	 1.46918e-02	 3.14255e-02	 5.15724e-02	 7.42961e-02	 9.83850e-02	 1.23549e-01	 1.46755e-01	 1.66425e-01
UR 1	9.000021e-01	 3.06802e-07	-4.50298e-02	-7.19384e-02	-8.65132e-02	-9.30528e-02	-9.34107e-02	-9.03618e-02	-8.54532e-02	-7.96482e-02	-7.33891e-02	-6.68665e-02	-6.02020e-02	-5.34409e-02	-4.66584e-02	-3.99365e-02	-3.34099e-02	-2.72042e-02	-2.14586e-02	-1.62868e-02	-1.17811e-02	-7.99507e-03	-4.92850e-03	-2.56024e-03	-8.27758e-04	 3.51934e-04	 1.07270e-03	 1.42768e-03	 1.50651e-03	 1.38718e-03	 1.13383e-03	 7.95465e-04	 4.08553e-04	-4.89914e-08	-4.08638e-04	-7.95576e-04	-1.13391e-03	-1.38730e-03	-1.50657e-03	-1.42772e-03	-1.07277e-03	-3.52126e-04	 8.27605e-04	 2.56011e-03	 4.92844e-03	 7.99513e-03	 1.17810e-02	 1.62871e-02	 2.14585e-02	 2.72041e-02	 3.34097e-02	 3.99362e-02	 4.66580e-02	 5.34406e-02	 6.02016e-02	 6.68668e-02	 7.33890e-02	 7.96496e-02	 8.54528e-02	 9.03613e-02	 9.34089e-02	 9.30509e-02	 8.65106e-02	 7.19381e-02	 4.50302e-02
UR 2	9.000021e-01	 4.79873e-07	-8.78046e-02	-6.07952e-02	-2.25874e-02	-2.58177e-03	 2.11790e-03	 6.53906e-04	-1.43695e-03	-2.34785e-03	-2.29727e-03	-1.79336e-03	-1.25528e-03	-8.75606e-04	-6.49900e-04	-5.38955e-04	-4.95214e-04	-4.88379e-04	-4.99164e-04	-4.98183e-04	-4.89859e-04	-4.72799e-04	-4.45114e-04	-4.07046e-04	-3.68843e-04	-3.29080e-04	-2.88875e-04	-2.48585e-04	-2.06910e-04	-1.66882e-04	-1.25903e-04	-8.34696e-05	-4.16515e-05	 8.36223e-08	 4.17803e-05	 8.35388e-05	 1.25896e-04	 1.66845e-04	 2.07040e-04	 2.48747e-04	 2.88801e-04	 3.28869e-04	 3.68739e-04	 4.07099e-04	 4.45243e-04	 4.72900e-04	 4.89992e-04	 4.98169e-04	 4.99230e-04	 4.88472e-04	 4.95257e-04	 5.38932e-04	 6.49842e-04	 8.75574e-04	 1.25539e-03	 1.79350e-03	 2.29723e-03	 2.34784e-03	 1.43707e-03	-6.53983e-04	-2.11806e-03	 2.58172e-03	 2.25873e-02	 6.07949e-02	 8.78052e-02
U  0	1.000000e+00	 0.00000e+00	 5.54466e-05	 3.81851e-04	 6.14419e-04	 4.52557e-04	 5.33054e-05	-3.31903e-04	-5.79086e-04	-6.85560e-04	-6.97182e-04	-6.58379e-04	-5.98467e-04	-5.30972e-04	-4.61204e-04	-3.91726e-04	-3.24262e-04	-2.60341e-04	-2.00852e-04	-1.47033e-04	-9.96320e-05	-5.89041e-05	-2.49175e-05	 2.40281e-06	 2.30885e-05	 3.76782e-05	 4.65507e-05	 5.03173e-05	 4.94488e-05	 4.45853e-05	 3.64358e-05	 2.57334e-05	 1.32994e-05	-1.28757e-08	-1.33251e-05	-2.57581e-05	-3.64621e-05	-4.46119e-05	-4.94552e-05	-5.03467e-05	-4.65775e-05	-3.76980e-05	-2.31024e-05	-2.41673e-06	 2.48925e-05	 5.88910e-05	 9.96231e-05	 1.47029e-04	 2.00856e-04	 2.60352e-04	 3.24275e-04	 3.91747e-04	 4.61215e-04	 5.30985e-04	 5.98454e-04	 6.58405e-04	 6.97189e-04	 6.85586e-04	 5.79094e-04	 3.31931e-04	-5.32537e-05	-4.52501e-04	-6.14446e-04	-3.81856e-04	-5.54454e-05
U  1	1.000000e+00	 1.40699e-02	 1.03650e-02	 5.15313e-03	 2.09808e-03	 8.64569e-04	 4.21445e-04	 1.71362e-04	-5.85527e-05	-2.62585e-04	-4.13926e-04	-5.08868e-04	-5.60887e-04	-5.86299e-04	-5.97786e-04	-6.01829e-04	-6.00262e-04	-5.93814e-04	-5.82191e-04	-5.65237e-04	-5.43277e-04	-5.17131e-04	-4.88013e-04	-4.57180e-04	-4.25600e-04	-3.94188e-04	-3.64569e-04	-3.36944e-04	-3.12206e-04	-2.91333e-04	-2.74333e-04	-2.61874e-04	-2.54435e-04	-2.51920e-04	-2.54432e-04	-2.61881e-04	-2.74340e-04	-2.91325e-04	-3.12269e-04	-3.36972e-04	-3.64567e-04	-3.94198e-04	-4.25626e-04	-4.57205e-04	-4.88044e-04	-5.17138e-04	-5.43291e-04	-5.65234e-04	-5.82243e-04	-5.93881e-04	-6.00279e-04	-6.01879e-04	-5.97812e-04	-5.86322e-04	-5.60899e-04	-5.08929e-04	-4.13931e-04	-2.62595e-04	-5.85686e-05	 1.71353e-04	 4.21454e-04	 8.64575e-04	 2.09804e-03	 5.15313e-03	 1.03649e-02
U  2	1.000000e+00	-5.47190e-02	-5.28966e-02	-4.77390e-02	-4.04749e-02	-3.23227e-02	-2.42339e-02	-1.68229e-02	-1.04564e-02	-5.29391e-03	-1.35577e-03	 1.43285e-03	 3.21472e-03	 4.16855e-03	 4.47609e-03	 4.31855e-03	 3.85637e-03	 3.22055e-03	 2.52020e-03	 1.82995e-03	 1.20185e-03	 6.68680e-04	 2.43011e-04	-7.47098e-05	-2.91300e-04	-4.23939e-04	-4.89099e-04	-5.03093e-04	-4.84280e-04	-4.47592e-04	-4.06006e-04	-3.69393e-04	-3.43907e-04	-3.34853e-04	-3.43936e-04	-3.69227e-04	-4.06020e-04	-4.47673e-04	-4.84399e-04	-5.03148e-04	-4.89174e-04	-4.24072e-04	-2.91332e-04	-7.47349e-05	 2.42886e-04	 6.68744e-04	 1.20170e-03	 1.83000e-03	 2.52015e-03	 3.22078e-03	 3.85647e-03	 4.31852e-03	 4.47635e-03	 4.16841e-03	 3.21465e-03	 1.43304e-03	-1.35564e-03	-5.29386e-03	-1.04565e-02	-1.68226e-02	-2.42344e-02	-3.23229e-02	-4.04748e-02	-4.77395e-02	-5.28968e-02
UR 0	1.000000e+00	 2.07573e-01	 1.92737e-01	 1.69570e-01	 1.42435e-01	 1.13860e-01	 8.65884e-02	 6.10672e-02	 3.86842e-02	 2.02330e-02	 6.04010e-03	-4.13750e-03	-1.06763e-02	-1.41937e-02	-1.54145e-02	-1.49972e-02	-1.35354e-02	-1.15255e-02	-9.33397e-03	-7.23020e-03	-5.35801e-03	-3.78755e-03	-2.53659e-03	-1.57610e-03	-8.58041e-04	-3.29551e-04	 5.93551e-05	 3.48848e-04	 5.69086e-04	 7.40221e-04	 8.71141e-04	 9.65055e-04	 1.02222e-03	 1.04141e-03	 1.02206e-03	 9.64863e-04	 8.70856e-04	 7.39912e-04	 5.68821e-04	 3.48481e-04	 5.90113e-05	-3.29839e-04	-8.58305e-04	-1.57640e-03	-2.53690e-03	-3.78774e-03	-5.35839e-03	-7.23076e-03	-9.33424e-03	-1.15257e-02	-1.35357e-02	-1.49969e-02	-1.54149e-02	-1.41939e-02	-1.06766e-02	-4.13835e-03	 6.03933e-03	 2.02320e-02	 3.86829e-02	 6.10677e-02	 8.65870e-02	 1.13860e-01	 1.42431e-01	 1.69569e-01	 1.92735e-01
UR 1	1.000000e+00	-8.20369e-08	-5.21409e-02	-8.22424e-02	-9.80012e-02	-1.04504e-01	-1.04319e-01	-1.00568e-01	-9.49713e-02	-8.86027e-02	-8.19146e-02	-7.50339e-02	-6.80276e-02	-6.09164e-02	-5.37696e-02	-4.66645e-02	-3.97300e-02	-3.31016e-02	-2.69133e-02	-2.12849e-02	-1.63137e-02	-1.20604e-02	-8.52908e-03	-5.70540e-03	-3.53565e-03	-1.94204e-03	-8.34508e-04	-1.23111e-04	 2.79740e-04	 4.52522e-04	 4.61878e-04	 3.62052e-04	 1.96323e-04	-6.06419e-08	-1.96450e-04	-3.62245e-04	-4.62064e-04	-4.52723e-04	-2.79911e-04	 1.22848e-04	 8.34279e-04	 1.94175e-03	 3.53538e-03	 5.70512e-03	 8.52885e-03	 1.20601e-02	 1.63134e-02	 2.12853e-02	 2.69130e-02	 3.31014e-02	 3.97301e-02	 4.66647e-02	 5.37698e-02	 6.09167e-02	 6.80281e-02	 7.50351e-02	 8.19164e-02	 8.86052e-02	 9.49719e-02	 1.00569e-01	 1.04318e-01	 1.04504e-01	 9.80001e-02	 8.22411e-02	 5.21406e-02
UR 2	1.000000e+00	 3.95285e-08	-9.24171e-02	-6.40599e-02	-2.43746e-02	-3.79674e-03	 9.96687e-04	-5.48636e-04	-2.63626e-03	-3.46753e-03	-3.29712e-03	-2.65688e-03	-1.98485e-03	-1.48564e-03	-1.16335e-03	-9.79822e-04	-8.83034e-04	-8.36160e-04	-8.15724e-04	-7.89772e-04	-7.60892e-04	-7.26496e-04	-6.83212e-04	-6.26978e-04	-5.68568e-04	-5.07104e-04	-4.45522e-04	-3.83691e-04	-3.19207e-04	-2.56798e-04	-1.93228e-04	-1.27868e-04	-6.37147e-05	 8.15440e-08	 6.38457e-05	 1.27939e-04	 1.93224e-04	 2.56785e-04	 3.19359e-04	 3.83872e-04	 4.45465e-04	 5.06895e-04	 5.68479e-04	 6.27020e-04	 6.83401e-04	 7.26609e-04	 7.61007e-04	 7.89767e-04	 8.15802e-04	 8.36260e-04	 8.83077e-04	 9.79836e-04	 1.16334e-03	 1.48554e-03	 1.98489e-03	 2.65714e-03	 3.29722e-03	 3.46764e-03	 2.63638e-03	 5.48739e-04	-9.96867e-04	 3.79692e-03	 2.43744e-02	 6.40588e-02	 9.24199e-02
